policy_id,event,direction,intensity,forecast_origin_t,close_at_t,h1_diff,h1_pct,h2_diff,h2_pct,h3_diff,h3_pct,h4_diff,h4_pct,h5_diff,h5_pct,h6_diff,h6_pct,h7_diff,h7_pct,h8_diff,h8_pct,h9_diff,h9_pct,h10_diff,h10_pct,h11_diff,h11_pct,h12_diff,h12_pct,h13_diff,h13_pct,h14_diff,h14_pct,h15_diff,h15_pct,h16_diff,h16_pct,h17_diff,h17_pct,h18_diff,h18_pct,h19_diff,h19_pct,h20_diff,h20_pct,h21_diff,h21_pct,h22_diff,h22_pct,h23_diff,h23_pct,h24_diff,h24_pct
"Thursday, January 2, 2025_13:30_Initial Jobless Claims",Initial Jobless Claims,-1,4,2025-01-02 12:00:00,96850.01,284.74,0.2952,481.4,0.495,188.48,0.1954,872.3,0.8972,860.38,0.8892,1174.26,1.2066,1166.58,1.1987,1284.54,1.3201,1101.02,1.1326,328.02,0.3385,298.06,0.3073,490.43,0.5065,551.03,0.5682,382.45,0.3944,957.32,0.9863,605.72,0.6257,706.14,0.7297,181.6,0.1881,-347.88,-0.3612,286.49,0.298,355.37,0.3681,68.61,0.0711,778.05,0.8041,27.0,0.0279
"Friday, January 3, 2025_15:00_ISM Manufacturing PMI  (Dec)",ISM Manufacturing PMI  (Dec),-1,5,2025-01-03 14:00:00,97016.01,1044.76,1.0713,939.87,0.9603,1214.47,1.2389,2076.51,2.1075,2034.59,2.0636,1485.15,1.5107,1581.77,1.6096,1667.9,1.6968,1398.86,1.4249,1155.21,1.1794,1250.29,1.2753,1378.74,1.4025,1502.48,1.53,767.6,0.7833,1158.44,1.1806,1367.06,1.3931,2030.79,2.0665,828.16,0.8459,1143.12,1.1702,1465.45,1.4986,1123.81,1.148,874.71,0.8936,1174.96,1.1993,1032.02,1.0527
"Tuesday, January 7, 2025_15:00_ISM Non-Manufacturing PMI  (Dec)",ISM Non-Manufacturing PMI  (Dec),-1,6,2025-01-07 14:00:00,99979.69,-2337.99,-2.3869,-2992.71,-3.0621,-3627.83,-3.7294,-3592.66,-3.7133,-3943.52,-4.0886,-4030.01,-4.1747,-3984.53,-4.129,-2914.78,-2.9999,-3455.35,-3.5639,-3363.26,-3.4577,-3679.93,-3.7974,-3683.24,-3.8019,-3773.75,-3.9096,-4496.86,-4.6709,-4088.21,-4.2368,-4802.36,-5.04,-4082.29,-4.2676,-4666.38,-4.8636,-4751.17,-4.9785,-3983.06,-4.1507,-5319.99,-5.592,-5931.68,-6.2512,-5123.91,-5.3719,-5254.17,-5.514
"Wednesday, January 8, 2025_13:30_Initial Jobless Claims",Initial Jobless Claims,-1,4,2025-01-08 12:00:00,94888.01,-132.66,-0.1391,-849.21,-0.8912,-978.51,-1.0247,-1983.1,-2.0921,-3166.7,-3.3677,-2840.38,-3.0139,-3378.16,-3.5845,-3178.23,-3.3818,-2354.8,-2.4927,-1702.15,-1.7863,-1885.52,-1.9835,-1812.59,-1.9053,-2919.77,-3.074,-2208.14,-2.3298,-3132.89,-3.3319,-3006.98,-3.1845,-2291.12,-2.4252,-3181.77,-3.3814,-2949.57,-3.164,-3002.62,-3.2275,-3178.89,-3.3993,-3293.11,-3.5235,-2202.28,-2.3563,-2108.93,-2.2574
"Wednesday, January 8, 2025_19:00_FOMC Meeting Minutes",FOMC Meeting Minutes,-1,6,2025-01-08 18:00:00,94242.61,-1035.49,-1.0987,-1531.14,-1.6292,-1206.88,-1.2775,-839.88,-0.8814,-874.2,-0.9196,-1188.16,-1.2489,-1161.52,-1.2229,-1105.01,-1.1659,-1258.89,-1.3388,-873.88,-0.9255,-795.44,-0.842,-1684.17,-1.7899,-2974.63,-3.1909,-2672.64,-2.8729,-1780.54,-1.904,-2544.41,-2.7224,-1424.33,-1.5239,-1751.97,-1.8753,-1981.37,-2.154,-1951.65,-2.1016,-12.47,-0.0132,-446.08,-0.4733,-1278.27,-1.379,-1396.25,-1.501
"Friday, January 10, 2025_13:30_Nonfarm Payrolls  (Dec)",Nonfarm Payrolls  (Dec),-1,9,2025-01-10 12:00:00,95023.44,-1472.8,-1.5742,-523.32,-0.556,-1703.22,-1.8171,-2259.25,-2.4126,641.6,0.6698,-433.07,-0.4565,250.09,0.2623,-560.5,-0.592,-837.83,-0.8855,-574.1,-0.6058,-1211.07,-1.2785,-2045.42,-2.1622,-2054.86,-2.1762,-1316.6,-1.3943,-2263.1,-2.4023,-2786.85,-2.9627,-2049.5,-2.1718,-1684.79,-1.7882,-1614.73,-1.7133,-1799.46,-1.9128,-2359.64,-2.5015,-1102.85,-1.1672,-47.12,-0.0498,-1332.22,-1.409
"Friday, January 10, 2025_13:30_Unemployment Rate  (Dec)",Unemployment Rate  (Dec),-1,9,2025-01-10 12:00:00,95023.44,-1472.8,-1.5742,-523.32,-0.556,-1703.22,-1.8171,-2259.25,-2.4126,641.6,0.6698,-433.07,-0.4565,250.09,0.2623,-560.5,-0.592,-837.83,-0.8855,-574.1,-0.6058,-1211.07,-1.2785,-2045.42,-2.1622,-2054.86,-2.1762,-1316.6,-1.3943,-2263.1,-2.4023,-2786.85,-2.9627,-2049.5,-2.1718,-1684.79,-1.7882,-1614.73,-1.7133,-1799.46,-1.9128,-2359.64,-2.5015,-1102.85,-1.1672,-47.12,-0.0498,-1332.22,-1.409
"Wednesday, January 15, 2025_13:30_Core CPI (MoM)  (Dec)",Core CPI (MoM)  (Dec),1,9,2025-01-15 12:00:00,96942.93,2543.83,2.5705,2795.36,2.8113,2180.84,2.203,2237.25,2.2599,2502.24,2.5366,2623.23,2.6378,3542.91,3.5484,3213.49,3.2275,3333.49,3.3445,3287.59,3.297,4023.9,4.004,3538.75,3.5434,3793.57,3.7904,3277.58,3.2895,2569.39,2.5829,3496.97,3.5107,3546.59,3.5686,2933.16,2.939,3543.92,3.551,2650.43,2.6784,2364.41,2.3846,2253.58,2.2714,2180.68,2.1992,2742.92,2.7597
"Wednesday, January 15, 2025_13:30_CPI (MoM)  (Dec)",CPI (MoM)  (Dec),-1,9,2025-01-15 12:00:00,96942.93,2543.83,2.5705,2795.36,2.8113,2180.84,2.203,2237.25,2.2599,2502.24,2.5366,2623.23,2.6378,3542.91,3.5484,3213.49,3.2275,3333.49,3.3445,3287.59,3.297,4023.9,4.004,3538.75,3.5434,3793.57,3.7904,3277.58,3.2895,2569.39,2.5829,3496.97,3.5107,3546.59,3.5686,2933.16,2.939,3543.92,3.551,2650.43,2.6784,2364.41,2.3846,2253.58,2.2714,2180.68,2.1992,2742.92,2.7597
"Wednesday, January 15, 2025_13:30_CPI (YoY)  (Dec)",CPI (YoY)  (Dec),-1,9,2025-01-15 12:00:00,96942.93,2543.83,2.5705,2795.36,2.8113,2180.84,2.203,2237.25,2.2599,2502.24,2.5366,2623.23,2.6378,3542.91,3.5484,3213.49,3.2275,3333.49,3.3445,3287.59,3.297,4023.9,4.004,3538.75,3.5434,3793.57,3.7904,3277.58,3.2895,2569.39,2.5829,3496.97,3.5107,3546.59,3.5686,2933.16,2.939,3543.92,3.551,2650.43,2.6784,2364.41,2.3846,2253.58,2.2714,2180.68,2.1992,2742.92,2.7597
"Thursday, January 16, 2025_13:30_Core Retail Sales (MoM)  (Dec)",Core Retail Sales (MoM)  (Dec),-1,6,2025-01-16 12:00:00,99392.09,755.9,0.7629,-1597.68,-1.6367,98.72,0.0994,582.14,0.586,851.91,0.8533,353.69,0.3552,1399.39,1.3936,1905.29,1.8988,1292.84,1.2908,556.12,0.557,1010.64,1.0108,1089.74,1.0884,2864.74,2.818,1674.11,1.6559,2158.54,2.1361,3068.86,3.0241,3543.39,3.4967,2813.33,2.7742,3167.53,3.1225,4321.14,4.2308,3660.22,3.5933,3410.95,3.3336,3485.37,3.4091,3797.97,3.6965
"Thursday, January 16, 2025_13:30_Initial Jobless Claims",Initial Jobless Claims,1,4,2025-01-16 12:00:00,99392.09,755.9,0.7629,-1597.68,-1.6367,98.72,0.0994,582.14,0.586,851.91,0.8533,353.69,0.3552,1399.39,1.3936,1905.29,1.8988,1292.84,1.2908,556.12,0.557,1010.64,1.0108,1089.74,1.0884,2864.74,2.818,1674.11,1.6559,2158.54,2.1361,3068.86,3.0241,3543.39,3.4967,2813.33,2.7742,3167.53,3.1225,4321.14,4.2308,3660.22,3.5933,3410.95,3.3336,3485.37,3.4091,3797.97,3.6965
"Thursday, January 16, 2025_13:30_Retail Sales (MoM)  (Dec)",Retail Sales (MoM)  (Dec),1,7,2025-01-16 12:00:00,99392.09,755.9,0.7629,-1597.68,-1.6367,98.72,0.0994,582.14,0.586,851.91,0.8533,353.69,0.3552,1399.39,1.3936,1905.29,1.8988,1292.84,1.2908,556.12,0.557,1010.64,1.0108,1089.74,1.0884,2864.74,2.818,1674.11,1.6559,2158.54,2.1361,3068.86,3.0241,3543.39,3.4967,2813.33,2.7742,3167.53,3.1225,4321.14,4.2308,3660.22,3.5933,3410.95,3.3336,3485.37,3.4091,3797.97,3.6965
"Monday, January 20, 2025_17:00_U.S. President Trump Speaks",U.S. President Trump Speaks,-1,8,2025-01-20 16:00:00,106670.38,-2612.88,-2.5377,-2680.36,-2.579,-2571.21,-2.4797,-2019.65,-1.9486,-3592.17,-3.5013,-3293.98,-3.1793,-4566.45,-4.4655,-5509.3,-5.4446,-5458.53,-5.378,-4385.57,-4.2767,-4083.33,-3.9669,-4737.57,-4.6291,-5189.8,-5.1199,-5064.63,-4.9568,-4571.12,-4.482,-4324.42,-4.2203,-3631.15,-3.5354,-4006.83,-3.8841,-2761.3,-2.6613,-1530.64,-1.4644,-2229.98,-2.1348,-4470.23,-4.3291,-3333.8,-3.2073,-2363.46,-2.2516
"Thursday, January 23, 2025_13:30_Initial Jobless Claims",Initial Jobless Claims,1,3,2025-01-23 12:00:00,101635.58,780.64,0.7615,3697.92,3.5147,4321.94,4.1058,3717.44,3.5357,4287.69,4.0478,3293.01,3.1236,1735.74,1.6727,995.97,0.9643,556.41,0.5398,1603.32,1.542,1098.5,1.0572,599.36,0.5794,-60.4,-0.0585,-38.14,-0.037,905.69,0.8718,722.76,0.6908,2318.72,2.2036,1145.59,1.0911,1895.62,1.8045,2534.21,2.4021,2137.64,2.033,2765.2,2.6231,2157.97,2.047,2466.3,2.3371
"Wednesday, January 29, 2025_19:00_Fed Interest Rate Decision",Fed Interest Rate Decision,0,9,2025-01-29 18:00:00,102854.15,895.93,0.8649,1627.46,1.562,974.3,0.9392,833.47,0.8053,1055.74,1.0177,1079.49,1.0377,1322.77,1.2687,1561.07,1.4915,2011.08,1.9117,2479.43,2.3507,2572.48,2.4412,1997.79,1.8993,2146.04,2.0413,1754.74,1.6702,2261.69,2.1456,2010.64,1.9086,1832.66,1.7404,1915.73,1.8242,1373.76,1.3098,2811.02,2.6539,1943.25,1.8408,2083.91,1.9716,1943.44,1.8456,1904.43,1.8038
"Thursday, January 30, 2025_13:30_GDP (QoQ)  (Q4)",GDP (QoQ)  (Q4),1,7,2025-01-30 12:00:00,105020.0,635.87,0.6063,778.18,0.7347,437.41,0.4144,1359.99,1.2867,836.68,0.7946,678.61,0.6428,1230.47,1.164,998.39,0.9517,880.56,0.8382,727.22,0.692,169.97,0.1623,757.91,0.7225,576.81,0.5508,-139.36,-0.1336,514.43,0.493,381.28,0.3666,533.91,0.5118,721.42,0.6903,24.55,0.0236,149.83,0.144,370.41,0.3553,242.65,0.2327,346.48,0.3308,-213.35,-0.2038
"Thursday, January 30, 2025_13:30_Initial Jobless Claims",Initial Jobless Claims,-1,4,2025-01-30 12:00:00,105020.0,635.87,0.6063,778.18,0.7347,437.41,0.4144,1359.99,1.2867,836.68,0.7946,678.61,0.6428,1230.47,1.164,998.39,0.9517,880.56,0.8382,727.22,0.692,169.97,0.1623,757.91,0.7225,576.81,0.5508,-139.36,-0.1336,514.43,0.493,381.28,0.3666,533.91,0.5118,721.42,0.6903,24.55,0.0236,149.83,0.144,370.41,0.3553,242.65,0.2327,346.48,0.3308,-213.35,-0.2038
"Monday, February 3, 2025_15:00_ISM Manufacturing PMI  (Jan)",ISM Manufacturing PMI  (Jan),-1,7,2025-02-03 14:00:00,96589.5,2234.62,2.2608,2048.81,2.0791,2363.62,2.3825,2327.0,2.3313,4687.85,4.6013,3631.77,3.5929,5415.65,5.3198,4836.93,4.7563,5006.3,4.9407,4538.14,4.4906,4276.55,4.2182,3166.05,3.1397,2636.61,2.6201,2806.96,2.8055,1013.9,1.0255,823.96,0.8292,330.21,0.3354,616.57,0.6272,1509.47,1.535,1167.4,1.1818,940.77,0.9506,2504.63,2.5207,2930.49,2.9599,2418.13,2.4185
"Wednesday, February 5, 2025_15:00_ISM Non-Manufacturing PMI  (Jan)",ISM Non-Manufacturing PMI  (Jan),1,6,2025-02-05 14:00:00,98292.27,128.96,0.1314,234.73,0.2396,-344.22,-0.3529,-983.39,-1.0167,-599.82,-0.616,-1724.84,-1.7723,-1457.07,-1.5036,-2110.54,-2.1883,-1802.31,-1.8655,-1567.7,-1.6191,-830.62,-0.8549,-1349.12,-1.3856,-1049.47,-1.078,-994.38,-1.0187,-545.26,-0.5574,-608.89,-0.6189,-69.48,-0.0708,-600.8,-0.6123,306.69,0.311,653.6,0.6601,50.64,0.0512,-222.5,-0.2262,445.95,0.4523,-638.93,-0.6531
"Thursday, February 6, 2025_13:30_Initial Jobless Claims",Initial Jobless Claims,1,4,2025-02-06 12:00:00,98346.09,441.12,0.4474,-664.32,-0.679,-710.85,-0.7303,-1112.05,-1.1513,-1538.55,-1.5908,-2280.29,-2.3675,-1721.95,-1.794,-894.79,-0.9232,-381.55,-0.3941,-665.93,-0.6868,-1645.21,-1.7039,-1115.81,-1.1562,346.95,0.3562,-504.81,-0.5174,398.53,0.409,-485.46,-0.4982,-92.0,-0.0945,-1076.5,-1.1127,-892.1,-0.922,-954.78,-0.9841,-860.77,-0.8847,-222.04,-0.2283,-272.92,-0.2792,84.46,0.0862
"Friday, February 7, 2025_13:30_Nonfarm Payrolls  (Jan)",Nonfarm Payrolls  (Jan),1,9,2025-02-07 12:00:00,97963.58,510.24,0.5163,1371.97,1.3759,-303.02,-0.3083,-670.39,-0.6853,-1315.38,-1.35,-722.28,-0.7389,-1318.05,-1.3602,-2347.08,-2.4509,-2785.38,-2.9011,-2524.48,-2.628,-2721.96,-2.8205,-2650.39,-2.7423,-2632.14,-2.7273,-2000.81,-2.068,-2138.91,-2.2119,-3044.4,-3.1614,-3230.67,-3.3579,-3052.55,-3.1799,-3202.85,-3.329,-3665.88,-3.8229,-2699.98,-2.8077,-3128.27,-3.2569,-1880.98,-1.9569,-2642.79,-2.7512
"Friday, February 7, 2025_13:30_Unemployment Rate  (Jan)",Unemployment Rate  (Jan),-1,9,2025-02-07 12:00:00,97963.58,510.24,0.5163,1371.97,1.3759,-303.02,-0.3083,-670.39,-0.6853,-1315.38,-1.35,-722.28,-0.7389,-1318.05,-1.3602,-2347.08,-2.4509,-2785.38,-2.9011,-2524.48,-2.628,-2721.96,-2.8205,-2650.39,-2.7423,-2632.14,-2.7273,-2000.81,-2.068,-2138.91,-2.2119,-3044.4,-3.1614,-3230.67,-3.3579,-3052.55,-3.1799,-3202.85,-3.329,-3665.88,-3.8229,-2699.98,-2.8077,-3128.27,-3.2569,-1880.98,-1.9569,-2642.79,-2.7512
"Friday, February 7, 2025_15:00_Fed Monetary Policy Report",Fed Monetary Policy Report,-1,4,2025-02-07 14:00:00,99710.92,-1245.14,-1.2669,-1920.45,-1.9631,-2350.8,-2.4127,-1789.51,-1.8307,-2568.07,-2.6503,-3942.83,-4.1172,-3395.17,-3.5362,-3328.17,-3.4646,-3646.79,-3.7788,-2796.97,-2.8939,-3499.16,-3.6257,-3310.37,-3.4215,-3391.77,-3.5075,-3469.5,-3.6028,-3566.73,-3.7072,-4222.79,-4.399,-3488.71,-3.6261,-3999.58,-4.1708,-3937.03,-4.0941,-3665.86,-3.8166,-3542.8,-3.6858,-3813.51,-3.97,-2606.88,-2.7085,-3515.85,-3.6589
"Tuesday, February 11, 2025_15:00_Fed Chair Powell Testifies",Fed Chair Powell Testifies,-1,9,2025-02-11 14:00:00,96962.03,-137.3,-0.1415,-990.57,-1.0279,-1347.69,-1.4014,-1837.45,-1.9247,-2293.4,-2.4131,-2160.67,-2.2671,-857.98,-0.8901,-1695.44,-1.7738,-1523.36,-1.5905,-1537.57,-1.6006,-1116.66,-1.1607,-1776.37,-1.8585,-1965.51,-2.0625,-1734.24,-1.8149,-1513.64,-1.5786,-1402.5,-1.4637,-1103.44,-1.1486,-841.09,-0.8729,-984.29,-1.0239,-1062.23,-1.1067,-1181.48,-1.2295,-1262.76,-1.3156,-2292.52,-2.4138,-1479.83,-1.5475
"Wednesday, February 12, 2025_13:30_Core CPI (MoM)  (Jan)",Core CPI (MoM)  (Jan),-1,9,2025-02-12 12:00:00,95982.97,-921.51,-0.9703,-688.9,-0.7204,-487.51,-0.5088,667.56,0.6883,691.76,0.7106,361.5,0.373,327.0,0.3364,270.58,0.2789,825.34,0.8452,879.88,0.8996,983.62,1.005,1002.33,1.0247,847.6,0.865,571.41,0.5862,646.04,0.6626,-126.52,-0.1305,-270.28,-0.2796,-890.89,-0.9275,-384.06,-0.3998,-463.71,-0.4833,-231.4,-0.2404,-558.01,-0.5803,-321.99,-0.3357,-344.64,-0.3597
"Wednesday, February 12, 2025_13:30_CPI (MoM)  (Jan)",CPI (MoM)  (Jan),-1,9,2025-02-12 12:00:00,95982.97,-921.51,-0.9703,-688.9,-0.7204,-487.51,-0.5088,667.56,0.6883,691.76,0.7106,361.5,0.373,327.0,0.3364,270.58,0.2789,825.34,0.8452,879.88,0.8996,983.62,1.005,1002.33,1.0247,847.6,0.865,571.41,0.5862,646.04,0.6626,-126.52,-0.1305,-270.28,-0.2796,-890.89,-0.9275,-384.06,-0.3998,-463.71,-0.4833,-231.4,-0.2404,-558.01,-0.5803,-321.99,-0.3357,-344.64,-0.3597
"Wednesday, February 12, 2025_13:30_CPI (YoY)  (Jan)",CPI (YoY)  (Jan),-1,9,2025-02-12 12:00:00,95982.97,-921.51,-0.9703,-688.9,-0.7204,-487.51,-0.5088,667.56,0.6883,691.76,0.7106,361.5,0.373,327.0,0.3364,270.58,0.2789,825.34,0.8452,879.88,0.8996,983.62,1.005,1002.33,1.0247,847.6,0.865,571.41,0.5862,646.04,0.6626,-126.52,-0.1305,-270.28,-0.2796,-890.89,-0.9275,-384.06,-0.3998,-463.71,-0.4833,-231.4,-0.2404,-558.01,-0.5803,-321.99,-0.3357,-344.64,-0.3597
"Wednesday, February 12, 2025_15:00_Fed Chair Powell Testifies",Fed Chair Powell Testifies,-1,6,2025-02-12 14:00:00,95628.91,62.15,0.0649,910.12,0.9384,1214.69,1.2477,649.53,0.6702,879.37,0.9047,629.3,0.6486,1030.48,1.0553,1604.37,1.6403,1404.4,1.435,1515.57,1.5494,1603.07,1.636,1139.29,1.1688,683.85,0.7014,508.59,0.5247,484.04,0.5007,-315.97,-0.3289,204.94,0.2133,-557.01,-0.5806,426.38,0.4429,513.31,0.5338,45.82,0.0478,-70.26,-0.0733,407.05,0.4237,144.32,0.1506
"Thursday, February 13, 2025_13:30_Initial Jobless Claims",Initial Jobless Claims,-1,4,2025-02-13 12:00:00,95820.28,834.0,0.8681,616.62,0.6433,746.84,0.778,-249.97,-0.2621,-28.57,-0.0299,592.18,0.6171,609.6,0.6375,1096.5,1.1391,1178.24,1.2211,1403.46,1.4557,1301.94,1.3477,1508.53,1.5592,1394.33,1.4445,1423.35,1.4745,1784.0,1.8367,1143.12,1.1815,1590.55,1.6451,1339.16,1.3829,1794.31,1.8509,1553.11,1.6033,1706.53,1.7573,1913.74,1.9726,1826.59,1.8853,1533.7,1.5868
"Friday, February 14, 2025_13:30_Core Retail Sales (MoM)  (Jan)",Core Retail Sales (MoM)  (Jan),1,7,2025-02-14 12:00:00,96652.58,-233.45,-0.2412,487.82,0.5014,10.15,0.0105,702.24,0.7191,1678.55,1.7037,1082.1,1.102,898.79,0.9177,-147.62,-0.1519,402.28,0.4128,137.96,0.142,394.26,0.4044,-59.74,-0.0613,544.02,0.5562,673.34,0.6882,680.07,0.6964,405.74,0.416,331.49,0.3396,184.41,0.1892,336.92,0.3461,493.12,0.5057,238.46,0.2444,372.28,0.3812,545.19,0.5585,430.01,0.4399
"Friday, February 14, 2025_13:30_Retail Sales (MoM)  (Jan)",Retail Sales (MoM)  (Jan),1,8,2025-02-14 12:00:00,96652.58,-233.45,-0.2412,487.82,0.5014,10.15,0.0105,702.24,0.7191,1678.55,1.7037,1082.1,1.102,898.79,0.9177,-147.62,-0.1519,402.28,0.4128,137.96,0.142,394.26,0.4044,-59.74,-0.0613,544.02,0.5562,673.34,0.6882,680.07,0.6964,405.74,0.416,331.49,0.3396,184.41,0.1892,336.92,0.3461,493.12,0.5057,238.46,0.2444,372.28,0.3812,545.19,0.5585,430.01,0.4399
"Wednesday, February 19, 2025_02:00_U.S. President Trump Speaks",U.S. President Trump Speaks,1,8,2025-02-19 01:00:00,95479.99,324.39,0.3385,341.25,0.3565,-143.7,-0.1509,-346.46,-0.3636,173.68,0.1816,2.11,0.0022,331.49,0.3466,441.32,0.46,1116.84,1.1594,988.74,1.0254,640.19,0.6657,578.38,0.6007,-9.01,-0.0094,350.94,0.3658,556.06,0.5774,521.25,0.5408,12.65,0.0132,555.76,0.5777,618.69,0.6433,429.76,0.4462,590.19,0.6113,1138.01,1.1775,1521.31,1.5707,1092.23,1.1287
"Wednesday, February 19, 2025_19:00_FOMC Meeting Minutes",FOMC Meeting Minutes,-1,6,2025-02-19 18:00:00,95670.54,497.28,0.5169,646.8,0.6725,433.59,0.4502,652.33,0.6757,1035.6,1.0716,1063.95,1.0985,1135.72,1.1737,1393.2,1.4343,1578.53,1.6264,1627.29,1.6737,1311.05,1.3529,1259.43,1.2996,835.98,0.863,1331.01,1.3701,1227.14,1.2627,1534.47,1.5759,1211.45,1.2462,1827.32,1.8756,1801.43,1.8464,1315.42,1.3566,990.49,1.0221,1904.61,1.9524,2539.01,2.592,2692.67,2.7394
"Thursday, February 20, 2025_13:30_Initial Jobless Claims",Initial Jobless Claims,1,3,2025-02-20 12:00:00,97428.36,604.47,0.6196,-229.85,-0.237,-287.01,-0.2962,471.15,0.483,1266.46,1.2929,1332.28,1.3554,1632.46,1.6586,1705.77,1.7326,1221.97,1.2458,1351.92,1.3776,1218.73,1.2397,1166.55,1.1875,1355.52,1.3788,1568.15,1.5983,1239.15,1.2626,1323.46,1.3477,1533.4,1.5594,1575.01,1.6005,1360.32,1.3855,1531.66,1.5595,1298.67,1.3206,1626.14,1.649,1943.33,1.9703,1795.67,1.8156
"Thursday, February 27, 2025_13:30_GDP (QoQ)  (Q4)",GDP (QoQ)  (Q4),1,7,2025-02-27 12:00:00,86330.59,-907.69,-1.054,-1144.36,-1.3468,-1366.24,-1.5979,-3213.07,-3.8037,-2599.23,-3.0725,-2588.17,-3.0579,-2034.87,-2.4192,-3374.52,-4.0401,-1909.66,-2.2624,-1664.78,-1.9651,-2496.64,-2.9473,-3863.93,-4.5858,-6093.07,-7.4614,-6250.27,-7.735,-7440.62,-9.2485,-8074.69,-10.0418,-8223.02,-10.2821,-7830.62,-9.8691,-8047.69,-10.1606,-9191.46,-11.6383,-8395.08,-10.449,-7653.89,-9.566,-5675.04,-7.0486,-7010.23,-8.6782
"Thursday, February 27, 2025_13:30_Initial Jobless Claims",Initial Jobless Claims,1,4,2025-02-27 12:00:00,86330.59,-907.69,-1.054,-1144.36,-1.3468,-1366.24,-1.5979,-3213.07,-3.8037,-2599.23,-3.0725,-2588.17,-3.0579,-2034.87,-2.4192,-3374.52,-4.0401,-1909.66,-2.2624,-1664.78,-1.9651,-2496.64,-2.9473,-3863.93,-4.5858,-6093.07,-7.4614,-6250.27,-7.735,-7440.62,-9.2485,-8074.69,-10.0418,-8223.02,-10.2821,-7830.62,-9.8691,-8047.69,-10.1606,-9191.46,-11.6383,-8395.08,-10.449,-7653.89,-9.566,-5675.04,-7.0486,-7010.23,-8.6782
"Monday, March 3, 2025_15:00_ISM Manufacturing PMI  (Feb)",ISM Manufacturing PMI  (Feb),1,5,2025-03-03 14:00:00,89278.88,415.32,0.4613,263.87,0.2927,-282.08,-0.3124,-3226.92,-3.7035,-4549.35,-5.3143,-5018.61,-5.8306,-5619.06,-6.5817,-3612.61,-4.1692,-4464.46,-5.1779,-4953.76,-5.7571,-7321.86,-8.7813,-7422.43,-8.8429,-7216.58,-8.5928,-7512.02,-9.0054,-7157.39,-8.493,-8498.98,-10.1319,-8674.08,-10.4273,-8081.55,-9.6332,-8145.27,-9.7259,-8721.59,-10.3863,-8978.38,-10.6965,-8593.89,-10.2597,-9902.09,-11.9585,-9865.92,-11.8579
"Wednesday, March 5, 2025_15:00_ISM Non-Manufacturing PMI  (Feb)",ISM Non-Manufacturing PMI  (Feb),-1,5,2025-03-05 14:00:00,88519.93,36.22,0.041,745.64,0.8385,2249.35,2.508,1975.36,2.2019,2679.97,2.986,3376.41,3.7309,3252.12,3.5984,3733.64,4.1279,3812.74,4.208,4046.84,4.4942,3983.64,4.3749,4920.9,5.3598,4444.02,4.8513,5509.8,5.9703,6045.06,6.5184,5087.38,5.5348,4950.53,5.4195,5564.28,6.1041,4855.34,5.3501,5310.46,5.8171,4365.66,4.7791,3150.85,3.497,2805.45,3.1322,2430.08,2.706
"Thursday, March 6, 2025_13:30_Initial Jobless Claims",Initial Jobless Claims,-1,4,2025-03-06 12:00:00,90102.02,-489.3,-0.5463,-264.66,-0.2947,742.95,0.818,-1191.73,-1.3343,-1912.3,-2.1577,-2285.77,-2.5849,-2244.6,-2.5355,-2078.9,-2.3347,-2177.11,-2.4207,-973.97,-1.0784,-2058.54,-2.289,-5856.86,-6.8478,-3132.58,-3.5491,-5163.01,-5.9185,-5365.3,-6.1676,-4384.79,-5.0034,-3525.58,-3.9963,-3211.33,-3.6406,-3397.84,-3.8452,-3655.88,-4.1372,-3740.16,-4.2056,-3773.41,-4.2273,-4126.62,-4.6384,-3631.43,-4.0779
"Friday, March 7, 2025_13:30_Nonfarm Payrolls  (Feb)",Nonfarm Payrolls  (Feb),-1,9,2025-03-07 12:00:00,89051.13,486.98,0.5463,1132.42,1.2521,-1375.49,-1.555,-2584.09,-2.9621,-1946.71,-2.2201,-1722.29,-1.9441,-2027.29,-2.3085,-2643.91,-3.0394,-2913.93,-3.3759,-2889.93,-3.3315,-2221.72,-2.5595,-2717.07,-3.1329,-3475.78,-4.0366,-3388.67,-3.9321,-3033.1,-3.5302,-3289.36,-3.8052,-3204.29,-3.7139,-3293.94,-3.8096,-3257.47,-3.7791,-3578.55,-4.1577,-3400.85,-3.9571,-2652.69,-3.0801,-2432.46,-2.8299,-2843.26,-3.2981
"Friday, March 7, 2025_13:30_Unemployment Rate  (Feb)",Unemployment Rate  (Feb),1,8,2025-03-07 12:00:00,89051.13,486.98,0.5463,1132.42,1.2521,-1375.49,-1.555,-2584.09,-2.9621,-1946.71,-2.2201,-1722.29,-1.9441,-2027.29,-2.3085,-2643.91,-3.0394,-2913.93,-3.3759,-2889.93,-3.3315,-2221.72,-2.5595,-2717.07,-3.1329,-3475.78,-4.0366,-3388.67,-3.9321,-3033.1,-3.5302,-3289.36,-3.8052,-3204.29,-3.7139,-3293.94,-3.8096,-3257.47,-3.7791,-3578.55,-4.1577,-3400.85,-3.9571,-2652.69,-3.0801,-2432.46,-2.8299,-2843.26,-3.2981
"Friday, March 7, 2025_17:30_Fed Chair Powell Speaks",Fed Chair Powell Speaks,-1,10,2025-03-07 16:00:00,87237.37,745.97,0.8507,1315.39,1.4848,451.61,0.5142,-787.5,-0.9053,-1340.13,-1.5526,-1343.99,-1.5494,-1069.23,-1.2318,-1082.2,-1.2478,-1327.6,-1.5418,-1362.51,-1.581,-1376.26,-1.6018,-860.27,-0.9952,-1085.72,-1.2584,-759.91,-0.8789,-544.1,-0.6312,-1226.63,-1.4251,-887.17,-1.0323,-880.64,-1.0225,-929.93,-1.0819,-480.12,-0.5569,-158.91,-0.1841,-125.69,-0.1455,420.05,0.4862,-859.71,-0.9979
"Friday, March 7, 2025_18:30_U.S. President Trump Speaks",U.S. President Trump Speaks,-1,6,2025-03-07 17:00:00,87685.99,1298.9,1.4662,102.46,0.1167,-802.79,-0.9229,-1927.36,-2.2329,-1135.51,-1.309,-1563.97,-1.8018,-1350.6,-1.5573,-1954.82,-2.2702,-1525.97,-1.7707,-1893.45,-2.2038,-922.12,-1.0667,-1255.44,-1.4551,-1102.83,-1.2755,-1094.34,-1.2696,-980.9,-1.1396,-1410.86,-1.6416,-728.67,-0.8461,-1255.99,-1.4612,-749.83,-0.8698,-906.19,-1.0497,-606.35,-0.7021,-432.03,-0.5,96.87,0.1124,-1101.43,-1.2816
"Wednesday, March 12, 2025_12:30_Core CPI (MoM)  (Feb)",Core CPI (MoM)  (Feb),1,9,2025-03-12 11:00:00,83004.45,216.1,0.2571,-930.3,-1.1251,-2193.82,-2.6906,-2181.31,-2.6686,-2049.65,-2.5005,-1531.18,-1.8708,-978.96,-1.1848,-1136.89,-1.3711,-1350.06,-1.6241,-829.61,-0.9984,-677.84,-0.8103,-491.59,-0.5875,-1145.41,-1.3727,-424.97,-0.5064,-371.29,-0.4431,-89.62,-0.1072,-685.12,-0.8226,-795.27,-0.9563,-295.14,-0.3543,-637.43,-0.7666,-824.22,-0.9934,-80.75,-0.0968,-306.59,-0.3685,-663.84,-0.8
"Wednesday, March 12, 2025_12:30_CPI (MoM)  (Feb)",CPI (MoM)  (Feb),1,9,2025-03-12 11:00:00,83004.45,216.1,0.2571,-930.3,-1.1251,-2193.82,-2.6906,-2181.31,-2.6686,-2049.65,-2.5005,-1531.18,-1.8708,-978.96,-1.1848,-1136.89,-1.3711,-1350.06,-1.6241,-829.61,-0.9984,-677.84,-0.8103,-491.59,-0.5875,-1145.41,-1.3727,-424.97,-0.5064,-371.29,-0.4431,-89.62,-0.1072,-685.12,-0.8226,-795.27,-0.9563,-295.14,-0.3543,-637.43,-0.7666,-824.22,-0.9934,-80.75,-0.0968,-306.59,-0.3685,-663.84,-0.8
"Wednesday, March 12, 2025_12:30_CPI (YoY)  (Feb)",CPI (YoY)  (Feb),1,9,2025-03-12 11:00:00,83004.45,216.1,0.2571,-930.3,-1.1251,-2193.82,-2.6906,-2181.31,-2.6686,-2049.65,-2.5005,-1531.18,-1.8708,-978.96,-1.1848,-1136.89,-1.3711,-1350.06,-1.6241,-829.61,-0.9984,-677.84,-0.8103,-491.59,-0.5875,-1145.41,-1.3727,-424.97,-0.5064,-371.29,-0.4431,-89.62,-0.1072,-685.12,-0.8226,-795.27,-0.9563,-295.14,-0.3543,-637.43,-0.7666,-824.22,-0.9934,-80.75,-0.0968,-306.59,-0.3685,-663.84,-0.8
"Thursday, March 13, 2025_12:30_Initial Jobless Claims",Initial Jobless Claims,-1,3,2025-03-13 11:00:00,82975.86,-541.06,-0.6557,-1059.51,-1.2956,-1121.03,-1.367,-2263.66,-2.7931,-2176.37,-2.691,-3405.99,-4.2541,-2343.18,-2.8993,-2752.91,-3.4321,-3057.62,-3.804,-2297.56,-2.8428,-1484.51,-1.8238,-1976.73,-2.4369,-1619.25,-1.9867,-1589.27,-1.9476,-1140.99,-1.3876,-1477.6,-1.8044,-1547.79,-1.8887,-1690.87,-2.0585,-1940.1,-2.3649,-2074.38,-2.5245,-1642.2,-1.9883,-1642.39,-1.9841,-1065.65,-1.2833,-759.92,-0.9128
"Monday, March 17, 2025_12:30_Retail Sales (MoM)  (Feb)",Retail Sales (MoM)  (Feb),-1,7,2025-03-17 11:00:00,83514.73,60.01,0.0723,-145.79,-0.1756,86.48,0.1043,438.18,0.5246,570.91,0.6841,1155.97,1.3729,1793.44,2.1225,1814.89,2.1482,1289.2,1.5356,1597.21,1.8997,1620.13,1.9273,1465.52,1.7445,1252.25,1.4945,768.23,0.9238,953.32,1.1435,628.79,0.7562,467.29,0.5631,578.7,0.6971,-225.19,-0.2731,561.36,0.675,663.93,0.7972,221.74,0.2677,425.14,0.5133,-392.11,-0.4748
"Wednesday, March 19, 2025_18:00_Fed Interest Rate Decision",Fed Interest Rate Decision,0,9,2025-03-19 17:00:00,84230.97,1514.95,1.7695,1248.12,1.4609,1106.4,1.2962,1378.31,1.6095,1852.58,2.1502,2652.56,3.0543,1769.84,2.0575,1401.14,1.6317,1849.03,2.1484,1527.16,1.778,1321.85,1.5427,1386.8,1.6158,1342.45,1.5654,1139.3,1.3276,1763.83,2.0452,1599.53,1.8626,709.29,0.8328,1250.58,1.4626,1246.97,1.4609,1368.54,1.6004,1991.09,2.3106,605.83,0.7153,-268.91,-0.3209,124.16,0.1476
"Thursday, March 20, 2025_12:30_Initial Jobless Claims",Initial Jobless Claims,1,3,2025-03-20 11:00:00,85502.17,109.85,0.1287,484.76,0.5669,1018.34,1.1818,-417.56,-0.493,-1115.24,-1.3308,-916.7,-1.0901,-850.94,-1.0123,-691.79,-0.8218,-385.75,-0.4563,-378.99,-0.4493,-484.3,-0.5756,-729.27,-0.8659,-114.07,-0.135,220.22,0.2598,167.77,0.1981,-162.06,-0.1919,-99.35,-0.1173,-172.49,-0.2042,-336.44,-0.3996,-1041.37,-1.2406,-912.59,-1.0861,-687.74,-0.8174,-661.48,-0.7859,-838.68,-0.9979
"Thursday, March 27, 2025_01:00_U.S. President Trump Speaks",U.S. President Trump Speaks,-1,8,2025-03-27 00:00:00,87285.29,324.34,0.3712,578.1,0.6601,526.06,0.6,344.09,0.3931,210.52,0.2411,299.68,0.3431,576.29,0.6594,656.37,0.7507,828.35,0.9476,675.43,0.7746,545.03,0.6269,104.65,0.1206,90.78,0.1051,1002.02,1.1478,951.37,1.0939,595.19,0.6854,712.6,0.8199,917.29,1.0519,754.64,0.8668,788.69,0.9033,1221.23,1.3946,822.4,0.9415,766.11,0.8782,718.76,0.8228
"Thursday, March 27, 2025_12:30_GDP (QoQ)  (Q4)",GDP (QoQ)  (Q4),1,7,2025-03-27 11:00:00,86943.52,305.1,0.3517,-282.24,-0.3267,749.24,0.8583,333.34,0.3833,255.33,0.294,137.4,0.1581,501.49,0.5751,573.21,0.6584,719.64,0.8243,1138.43,1.3,823.8,0.9431,763.0,0.8747,720.28,0.8245,751.2,0.8612,206.13,0.237,-49.21,-0.0567,-494.18,-0.5726,-831.35,-0.966,-1305.15,-1.5226,-1677.4,-1.9685,-1843.51,-2.1634,-1931.8,-2.2688,-1964.62,-2.3129,-1853.04,-2.1735
"Thursday, March 27, 2025_12:30_Initial Jobless Claims",Initial Jobless Claims,-1,3,2025-03-27 11:00:00,86943.52,305.1,0.3517,-282.24,-0.3267,749.24,0.8583,333.34,0.3833,255.33,0.294,137.4,0.1581,501.49,0.5751,573.21,0.6584,719.64,0.8243,1138.43,1.3,823.8,0.9431,763.0,0.8747,720.28,0.8245,751.2,0.8612,206.13,0.237,-49.21,-0.0567,-494.18,-0.5726,-831.35,-0.966,-1305.15,-1.5226,-1677.4,-1.9685,-1843.51,-2.1634,-1931.8,-2.2688,-1964.62,-2.3129,-1853.04,-2.1735
"Tuesday, April 1, 2025_14:00_ISM Manufacturing PMI  (Mar)",ISM Manufacturing PMI  (Mar),1,6,2025-04-01 13:00:00,83618.23,355.65,0.4224,1549.03,1.8164,1296.37,1.523,1291.29,1.5171,1366.69,1.6055,1165.64,1.3718,1368.3,1.6054,1190.86,1.3973,966.4,1.1356,997.5,1.1713,771.81,0.9084,877.93,1.0311,614.49,0.7254,261.14,0.3089,436.68,0.5161,118.46,0.1409,36.88,0.0438,513.72,0.6085,892.07,1.0535,1025.77,1.2065,982.21,1.1573,778.78,0.9209,1138.54,1.3387,1383.94,1.624
"Wednesday, April 2, 2025_20:00_U.S. President Trump Speaks",U.S. President Trump Speaks,-1,9,2025-04-02 19:00:00,86900.02,-1314.46,-1.5345,-1753.91,-2.0669,-3936.5,-4.753,-4529.57,-5.4893,-3452.06,-4.1477,-3440.94,-4.108,-3125.63,-3.7313,-3478.73,-4.1669,-3391.83,-4.0592,-3763.23,-4.5153,-3728.37,-4.4888,-3814.26,-4.5703,-3420.11,-4.0871,-3675.32,-4.4025,-4065.83,-4.8856,-4255.51,-5.1212,-5373.82,-6.5575,-4911.94,-5.963,-5597.05,-6.8649,-5296.7,-6.4563,-5386.18,-6.5821,-5262.22,-6.4307,-5149.85,-6.2719,-5206.56,-6.3488
"Thursday, April 3, 2025_12:30_Initial Jobless Claims",Initial Jobless Claims,-1,4,2025-04-03 11:00:00,83096.01,-1276.98,-1.5583,-878.06,-1.0659,-1854.84,-2.275,-1476.94,-1.8003,-1535.07,-1.8759,-1510.37,-1.8457,-1432.2,-1.7443,-1407.28,-1.716,-957.26,-1.1622,-786.98,-0.9514,-504.5,-0.6097,-267.79,-0.3218,-128.05,-0.1542,-477.83,-0.5778,-327.18,-0.3946,-769.39,-0.929,-769.0,-0.9296,-438.93,-0.5276,-553.77,-0.6668,190.32,0.2266,842.04,0.9975,1078.37,1.2751,-622.34,-0.7537,-895.68,-1.0833
"Thursday, April 3, 2025_14:00_ISM Non-Manufacturing PMI  (Mar)",ISM Non-Manufacturing PMI  (Mar),1,7,2025-04-03 13:00:00,82373.58,-1078.27,-1.3225,-506.25,-0.6171,-848.17,-1.0365,-932.36,-1.1394,-685.47,-0.8348,-751.27,-0.9161,-831.18,-1.0092,-119.47,-0.1444,-84.49,-0.1021,209.73,0.252,320.88,0.3864,-312.46,-0.3778,307.04,0.3703,114.14,0.1378,33.31,0.0403,342.88,0.4121,295.99,0.3564,1046.8,1.2463,1517.72,1.7979,1494.64,1.7673,-375.93,-0.4553,12.38,0.015,381.08,0.4598,494.83,0.5938
"Friday, April 4, 2025_12:30_Nonfarm Payrolls  (Mar)",Nonfarm Payrolls  (Mar),-1,9,2025-04-04 11:00:00,82680.45,299.47,0.3613,565.89,0.6791,180.49,0.2186,206.18,0.2488,860.79,1.0322,2060.77,2.4399,1631.21,1.9422,2036.0,2.4235,2261.42,2.6869,2290.32,2.7205,2001.2,2.3808,1803.11,2.1494,1933.12,2.3072,2129.23,2.5354,1930.58,2.2989,1399.54,1.6736,1658.23,1.9817,1914.81,2.288,1508.31,1.8069,1499.92,1.7958,1451.75,1.7382,1483.0,1.7688,1781.05,2.1294,1321.65,1.5837
"Friday, April 4, 2025_12:30_Unemployment Rate  (Mar)",Unemployment Rate  (Mar),1,9,2025-04-04 11:00:00,82680.45,299.47,0.3613,565.89,0.6791,180.49,0.2186,206.18,0.2488,860.79,1.0322,2060.77,2.4399,1631.21,1.9422,2036.0,2.4235,2261.42,2.6869,2290.32,2.7205,2001.2,2.3808,1803.11,2.1494,1933.12,2.3072,2129.23,2.5354,1930.58,2.2989,1399.54,1.6736,1658.23,1.9817,1914.81,2.288,1508.31,1.8069,1499.92,1.7958,1451.75,1.7382,1483.0,1.7688,1781.05,2.1294,1321.65,1.5837
"Friday, April 4, 2025_15:25_Fed Chair Powell Speaks",Fed Chair Powell Speaks,-1,10,2025-04-04 14:00:00,82573.98,285.91,0.3451,781.58,0.9372,2436.27,2.8845,1700.64,2.0248,1725.46,2.0539,2064.82,2.4533,1796.68,2.1342,2053.0,2.4424,1797.47,2.1427,1753.39,2.0927,1703.05,2.0279,1813.16,2.1591,1454.99,1.7399,1547.0,1.8488,1331.96,1.5916,1312.65,1.5725,1487.46,1.7809,1768.91,2.1179,1825.74,2.1776,1751.66,2.0942,1374.98,1.6476,968.58,1.163,958.04,1.1577,689.37,0.8314
"Wednesday, April 9, 2025_18:00_FOMC Meeting Minutes",FOMC Meeting Minutes,0,1,2025-04-09 17:00:00,82202.16,-707.97,-0.8656,30.83,0.0374,636.59,0.7651,866.25,1.0401,854.13,1.0284,476.26,0.5765,-216.37,-0.2627,-585.32,-0.7116,-417.63,-0.5081,-1218.46,-1.49,-426.29,-0.5197,152.64,0.1858,-635.87,-0.774,-1559.44,-1.9112,-1268.35,-1.5553,-748.72,-0.9127,-1288.13,-1.5754,-1341.03,-1.6378,-1164.31,-1.4249,-1930.05,-2.3865,-1390.58,-1.711,-4620.13,-5.8663,-3454.58,-4.3479,-2981.1,-3.7579
"Thursday, April 10, 2025_12:30_Core CPI (MoM)  (Mar)",Core CPI (MoM)  (Mar),1,9,2025-04-10 11:00:00,81882.01,325.91,0.3989,-758.59,-0.938,-507.14,-0.624,-3189.42,-4.0497,-2606.05,-3.28,-2235.78,-2.8184,-2413.95,-3.0363,-2530.22,-3.1767,-1671.53,-2.0912,-1901.87,-2.3859,-1692.04,-2.1232,-2256.38,-2.8344,-2184.94,-2.7642,-1177.12,-1.4631,-868.02,-1.0809,-343.71,-0.4252,-558.61,-0.6906,-525.36,-0.6501,171.09,0.211,89.97,0.1107,675.1,0.827,1376.71,1.6698,1648.23,1.9929,228.07,0.2777
"Thursday, April 10, 2025_12:30_CPI (YoY)  (Mar)",CPI (YoY)  (Mar),1,9,2025-04-10 11:00:00,81882.01,325.91,0.3989,-758.59,-0.938,-507.14,-0.624,-3189.42,-4.0497,-2606.05,-3.28,-2235.78,-2.8184,-2413.95,-3.0363,-2530.22,-3.1767,-1671.53,-2.0912,-1901.87,-2.3859,-1692.04,-2.1232,-2256.38,-2.8344,-2184.94,-2.7642,-1177.12,-1.4631,-868.02,-1.0809,-343.71,-0.4252,-558.61,-0.6906,-525.36,-0.6501,171.09,0.211,89.97,0.1107,675.1,0.827,1376.71,1.6698,1648.23,1.9929,228.07,0.2777
"Thursday, April 10, 2025_12:30_CPI (MoM)  (Mar)",CPI (MoM)  (Mar),1,9,2025-04-10 11:00:00,81882.01,325.91,0.3989,-758.59,-0.938,-507.14,-0.624,-3189.42,-4.0497,-2606.05,-3.28,-2235.78,-2.8184,-2413.95,-3.0363,-2530.22,-3.1767,-1671.53,-2.0912,-1901.87,-2.3859,-1692.04,-2.1232,-2256.38,-2.8344,-2184.94,-2.7642,-1177.12,-1.4631,-868.02,-1.0809,-343.71,-0.4252,-558.61,-0.6906,-525.36,-0.6501,171.09,0.211,89.97,0.1107,675.1,0.827,1376.71,1.6698,1648.23,1.9929,228.07,0.2777
"Thursday, April 10, 2025_12:30_Initial Jobless Claims",Initial Jobless Claims,1,3,2025-04-10 11:00:00,81882.01,325.91,0.3989,-758.59,-0.938,-507.14,-0.624,-3189.42,-4.0497,-2606.05,-3.28,-2235.78,-2.8184,-2413.95,-3.0363,-2530.22,-3.1767,-1671.53,-2.0912,-1901.87,-2.3859,-1692.04,-2.1232,-2256.38,-2.8344,-2184.94,-2.7642,-1177.12,-1.4631,-868.02,-1.0809,-343.71,-0.4252,-558.61,-0.6906,-525.36,-0.6501,171.09,0.211,89.97,0.1107,675.1,0.827,1376.71,1.6698,1648.23,1.9929,228.07,0.2777
"Wednesday, April 16, 2025_12:30_Core Retail Sales (MoM)  (Mar)",Core Retail Sales (MoM)  (Mar),1,6,2025-04-16 11:00:00,84048.11,-424.94,-0.5073,-449.69,-0.537,270.8,0.3201,570.01,0.6718,635.63,0.7474,-1105.36,-1.3273,-388.61,-0.4625,-118.15,-0.1401,-378.41,-0.4489,-39.72,-0.047,-146.94,-0.174,-632.11,-0.7522,-468.3,-0.5561,-263.21,-0.3121,-415.66,-0.4932,-536.94,-0.6393,-472.45,-0.5614,-263.28,-0.312,185.16,0.2184,201.98,0.2385,-25.59,-0.0303,88.94,0.1053,-45.89,-0.0544,167.23,0.1978
"Wednesday, April 16, 2025_12:30_Retail Sales (MoM)  (Mar)",Retail Sales (MoM)  (Mar),-1,7,2025-04-16 11:00:00,84048.11,-424.94,-0.5073,-449.69,-0.537,270.8,0.3201,570.01,0.6718,635.63,0.7474,-1105.36,-1.3273,-388.61,-0.4625,-118.15,-0.1401,-378.41,-0.4489,-39.72,-0.047,-146.94,-0.174,-632.11,-0.7522,-468.3,-0.5561,-263.21,-0.3121,-415.66,-0.4932,-536.94,-0.6393,-472.45,-0.5614,-263.28,-0.312,185.16,0.2184,201.98,0.2385,-25.59,-0.0303,88.94,0.1053,-45.89,-0.0544,167.23,0.1978
"Wednesday, April 16, 2025_17:30_Fed Chair Powell Speaks",Fed Chair Powell Speaks,-1,9,2025-04-16 16:00:00,85048.55,-1859.87,-2.2332,-1041.49,-1.2394,-1023.72,-1.2139,-904.51,-1.073,-674.34,-0.7976,-843.2,-0.9983,-1148.36,-1.3666,-1182.51,-1.4042,-922.12,-1.0934,-1097.39,-1.3022,-1309.94,-1.5596,-985.58,-1.1712,-946.94,-1.1221,-434.48,-0.5125,-318.22,-0.3758,-707.19,-0.8375,-629.45,-0.7451,-963.34,-1.1417,-523.9,-0.6195,-341.6,-0.4029,-511.56,-0.6056,-932.07,-1.1085,-541.25,-0.6403,-165.09,-0.1944
"Thursday, April 17, 2025_12:30_Initial Jobless Claims",Initial Jobless Claims,-1,4,2025-04-17 11:00:00,84562.0,332.22,0.3919,26.19,0.031,-217.65,-0.2588,93.8,0.111,546.75,0.6437,782.37,0.9193,351.62,0.4142,271.5,0.32,739.61,0.8687,629.09,0.7396,313.47,0.37,397.41,0.4678,529.24,0.624,533.66,0.6284,648.93,0.7645,433.07,0.5105,439.47,0.5191,551.41,0.6507,660.14,0.7792,484.94,0.5728,395.54,0.4673,191.94,0.227,425.59,0.5035,358.25,0.4231
"Thursday, April 24, 2025_12:30_Initial Jobless Claims",Initial Jobless Claims,1,4,2025-04-24 11:00:00,92619.94,439.52,0.4737,309.42,0.3334,62.21,0.0668,155.19,0.1665,313.38,0.3357,-549.52,-0.5908,351.61,0.3765,778.06,0.8317,649.42,0.6954,779.88,0.8354,1407.63,1.5066,1242.45,1.322,1647.71,1.7548,1213.21,1.2951,1177.94,1.2667,737.08,0.7899,594.58,0.6389,746.87,0.8013,807.85,0.8637,714.12,0.7615,1061.05,1.1326,1643.69,1.752,1564.62,1.671,1933.19,2.0428
"Thursday, May 1, 2025_00:00_U.S. President Trump Speaks",U.S. President Trump Speaks,0,3,2025-04-30 23:00:00,94172.0,243.77,0.2582,482.03,0.5094,534.62,0.5635,498.32,0.5258,602.83,0.6355,1045.0,1.0983,818.82,0.8629,1137.22,1.1967,1113.68,1.1697,1433.25,1.5005,2115.29,2.1996,2090.95,2.174,2229.68,2.3136,1555.68,1.6237,2581.58,2.6661,2778.89,2.8691,2864.87,2.9533,2747.81,2.8388,2651.58,2.7373,2454.41,2.5428,2334.35,2.4213,2326.17,2.4114,2391.73,2.4818,2695.25,2.7933
"Thursday, May 1, 2025_12:30_Initial Jobless Claims",Initial Jobless Claims,1,4,2025-05-01 11:00:00,96180.01,201.75,0.2093,-355.97,-0.3715,586.74,0.606,575.03,0.5937,709.91,0.7318,258.03,0.2666,697.43,0.72,179.95,0.1864,-62.28,-0.0646,400.08,0.4147,57.14,0.0593,288.46,0.299,860.95,0.8872,842.11,0.8684,1092.17,1.1265,1089.4,1.1219,927.96,0.9573,473.53,0.4897,532.11,0.5502,175.55,0.1822,640.72,0.663,691.68,0.716,817.16,0.8434,1043.82,1.0769
"Thursday, May 1, 2025_14:00_ISM Manufacturing PMI  (Apr)",ISM Manufacturing PMI  (Apr),1,6,2025-05-01 13:00:00,95809.52,1196.84,1.236,1286.5,1.3283,1198.3,1.2353,1103.72,1.1403,1192.12,1.2306,664.43,0.6884,658.58,0.6831,740.75,0.7679,645.99,0.6703,938.74,0.9729,1359.18,1.4006,1277.18,1.3171,1343.68,1.3859,1483.85,1.5281,1384.1,1.4278,1161.75,1.2013,1080.88,1.1176,793.55,0.8236,834.38,0.8634,877.39,0.9083,1267.93,1.3087,1324.39,1.3664,1451.51,1.4936,1293.1,1.3362
"Friday, May 2, 2025_12:30_Nonfarm Payrolls  (Apr)",Nonfarm Payrolls  (Apr),-1,9,2025-05-02 11:00:00,96928.97,654.18,0.6731,-314.75,-0.3252,607.45,0.6214,568.59,0.5842,196.26,0.2016,254.72,0.2615,-238.84,-0.2458,-416.43,-0.4296,-169.35,-0.1745,-874.01,-0.9036,-1173.17,-1.2138,-912.84,-0.9422,-709.73,-0.7339,-1263.29,-1.3092,-978.07,-1.0132,-1782.11,-1.8499,-1401.2,-1.4517,-1369.78,-1.4207,-1676.56,-1.7431,-1326.11,-1.3767,-1226.39,-1.2738,-1550.53,-1.6109,-1801.59,-1.8787,-1736.05,-1.8095
"Friday, May 2, 2025_12:30_Unemployment Rate  (Apr)",Unemployment Rate  (Apr),0,8,2025-05-02 11:00:00,96928.97,654.18,0.6731,-314.75,-0.3252,607.45,0.6214,568.59,0.5842,196.26,0.2016,254.72,0.2615,-238.84,-0.2458,-416.43,-0.4296,-169.35,-0.1745,-874.01,-0.9036,-1173.17,-1.2138,-912.84,-0.9422,-709.73,-0.7339,-1263.29,-1.3092,-978.07,-1.0132,-1782.11,-1.8499,-1401.2,-1.4517,-1369.78,-1.4207,-1676.56,-1.7431,-1326.11,-1.3767,-1226.39,-1.2738,-1550.53,-1.6109,-1801.59,-1.8787,-1736.05,-1.8095
"Monday, May 5, 2025_14:00_ISM Non-Manufacturing PMI  (Apr)",ISM Non-Manufacturing PMI  (Apr),-1,6,2025-05-05 13:00:00,94226.38,-718.07,-0.7649,-639.36,-0.6818,-129.31,-0.1373,157.03,0.1662,470.01,0.4962,254.49,0.2697,40.59,0.0431,473.74,0.5001,921.17,0.9692,635.44,0.6708,738.71,0.7809,377.99,0.4008,56.4,0.0598,257.07,0.2722,376.41,0.398,381.26,0.4041,485.06,0.5133,540.79,0.5729,309.8,0.3283,5.21,0.0055,-426.16,-0.4536,-435.89,-0.4646,-285.07,-0.3035,-921.12,-0.9839
"Wednesday, May 7, 2025_18:00_Fed Interest Rate Decision",Fed Interest Rate Decision,0,10,2025-05-07 17:00:00,96307.54,669.97,0.6936,-101.79,-0.1058,360.04,0.3721,1282.07,1.3201,1005.77,1.0341,1008.2,1.0391,1530.22,1.5651,1299.93,1.329,2372.27,2.404,2605.95,2.6282,2214.2,2.2376,2237.53,2.2661,2624.28,2.6497,2581.52,2.601,3188.58,3.1992,3167.67,3.1743,3202.59,3.2096,3056.48,3.0746,2615.6,2.6344,2798.8,2.8188,2994.8,3.0137,4040.17,4.0098,4740.3,4.6806,4420.1,4.3752
"Thursday, May 8, 2025_12:30_Initial Jobless Claims",Initial Jobless Claims,-1,4,2025-05-08 11:00:00,99409.14,489.6,0.4931,-139.02,-0.14,-346.86,-0.3491,1423.16,1.4124,1403.18,1.3855,1140.26,1.1287,1073.57,1.0591,1105.98,1.0918,2473.68,2.4108,2304.13,2.2408,2248.97,2.1831,2593.23,2.5113,2912.24,2.8324,2879.14,2.7926,2874.05,2.8013,1764.9,1.7227,2746.41,2.6709,3012.93,2.9258,2903.62,2.8128,3682.34,3.5534,3694.78,3.5883,3707.75,3.6027,4027.26,3.8959,3819.08,3.7093
"Tuesday, May 13, 2025_12:30_Core CPI (MoM)  (Apr)",Core CPI (MoM)  (Apr),-1,9,2025-05-13 11:00:00,103729.2,-130.39,-0.1258,50.39,0.0486,-788.39,-0.764,-322.15,-0.3107,-84.86,-0.0818,466.9,0.4478,540.78,0.5182,1251.47,1.1942,656.85,0.6282,943.94,0.9047,493.3,0.4737,500.61,0.4809,373.81,0.3597,117.28,0.1131,175.89,0.1696,122.0,0.1178,202.29,0.195,332.13,0.3197,147.16,0.1418,160.72,0.155,-390.24,-0.3781,-272.27,-0.2631,-167.94,-0.1619,385.62,0.371
"Tuesday, May 13, 2025_12:30_CPI (YoY)  (Apr)",CPI (YoY)  (Apr),1,9,2025-05-13 11:00:00,103729.2,-130.39,-0.1258,50.39,0.0486,-788.39,-0.764,-322.15,-0.3107,-84.86,-0.0818,466.9,0.4478,540.78,0.5182,1251.47,1.1942,656.85,0.6282,943.94,0.9047,493.3,0.4737,500.61,0.4809,373.81,0.3597,117.28,0.1131,175.89,0.1696,122.0,0.1178,202.29,0.195,332.13,0.3197,147.16,0.1418,160.72,0.155,-390.24,-0.3781,-272.27,-0.2631,-167.94,-0.1619,385.62,0.371
"Tuesday, May 13, 2025_12:30_CPI (MoM)  (Apr)",CPI (MoM)  (Apr),-1,9,2025-05-13 11:00:00,103729.2,-130.39,-0.1258,50.39,0.0486,-788.39,-0.764,-322.15,-0.3107,-84.86,-0.0818,466.9,0.4478,540.78,0.5182,1251.47,1.1942,656.85,0.6282,943.94,0.9047,493.3,0.4737,500.61,0.4809,373.81,0.3597,117.28,0.1131,175.89,0.1696,122.0,0.1178,202.29,0.195,332.13,0.3197,147.16,0.1418,160.72,0.155,-390.24,-0.3781,-272.27,-0.2631,-167.94,-0.1619,385.62,0.371
"Tuesday, May 13, 2025_15:30_U.S. President Trump Speaks",U.S. President Trump Speaks,1,5,2025-05-13 14:00:00,103191.65,347.18,0.3348,409.44,0.3947,869.61,0.834,1000.86,0.9591,1525.04,1.4553,1352.8,1.2938,1195.63,1.1459,1082.32,1.0394,989.51,0.9505,965.1,0.9287,837.65,0.8075,797.35,0.7688,589.68,0.5693,760.07,0.7327,981.74,0.9449,1002.0,0.9657,781.94,0.7539,294.73,0.2856,516.95,0.4995,677.19,0.653,825.45,0.7941,906.82,0.8719,901.46,0.867,90.05,0.0872
"Thursday, May 15, 2025_12:30_Core Retail Sales (MoM)  (Apr)",Core Retail Sales (MoM)  (Apr),1,6,2025-05-15 11:00:00,102371.61,20.81,0.0203,-420.18,-0.4114,-618.81,-0.6067,651.56,0.631,1209.18,1.1644,1812.68,1.7435,333.26,0.3245,980.03,0.95,970.99,0.9387,974.66,0.9436,1122.15,1.0843,1522.44,1.4672,1586.01,1.5285,1628.69,1.5653,1778.7,1.707,1879.21,1.8065,1574.86,1.5155,1668.5,1.6059,1537.35,1.4784,1449.74,1.3979,1097.42,1.0615,1617.5,1.5584,1635.72,1.5759,1463.24,1.4117
"Thursday, May 15, 2025_12:30_Initial Jobless Claims",Initial Jobless Claims,0,3,2025-05-15 11:00:00,102371.61,20.81,0.0203,-420.18,-0.4114,-618.81,-0.6067,651.56,0.631,1209.18,1.1644,1812.68,1.7435,333.26,0.3245,980.03,0.95,970.99,0.9387,974.66,0.9436,1122.15,1.0843,1522.44,1.4672,1586.01,1.5285,1628.69,1.5653,1778.7,1.707,1879.21,1.8065,1574.86,1.5155,1668.5,1.6059,1537.35,1.4784,1449.74,1.3979,1097.42,1.0615,1617.5,1.5584,1635.72,1.5759,1463.24,1.4117
"Thursday, May 15, 2025_12:30_Retail Sales (MoM)  (Apr)",Retail Sales (MoM)  (Apr),1,7,2025-05-15 11:00:00,102371.61,20.81,0.0203,-420.18,-0.4114,-618.81,-0.6067,651.56,0.631,1209.18,1.1644,1812.68,1.7435,333.26,0.3245,980.03,0.95,970.99,0.9387,974.66,0.9436,1122.15,1.0843,1522.44,1.4672,1586.01,1.5285,1628.69,1.5653,1778.7,1.707,1879.21,1.8065,1574.86,1.5155,1668.5,1.6059,1537.35,1.4784,1449.74,1.3979,1097.42,1.0615,1617.5,1.5584,1635.72,1.5759,1463.24,1.4117
"Thursday, May 15, 2025_12:40_Fed Chair Powell Speaks",Fed Chair Powell Speaks,-1,9,2025-05-15 11:00:00,102371.61,20.81,0.0203,-420.18,-0.4114,-618.81,-0.6067,651.56,0.631,1209.18,1.1644,1812.68,1.7435,333.26,0.3245,980.03,0.95,970.99,0.9387,974.66,0.9436,1122.15,1.0843,1522.44,1.4672,1586.01,1.5285,1628.69,1.5653,1778.7,1.707,1879.21,1.8065,1574.86,1.5155,1668.5,1.6059,1537.35,1.4784,1449.74,1.3979,1097.42,1.0615,1617.5,1.5584,1635.72,1.5759,1463.24,1.4117
"Thursday, May 22, 2025_12:30_Initial Jobless Claims",Initial Jobless Claims,-1,3,2025-05-22 11:00:00,110981.97,1721.62,1.5425,-108.99,-0.0983,-453.45,-0.4089,718.57,0.6457,-76.37,-0.0686,127.28,0.1142,-14.18,-0.0127,-157.19,-0.1414,-331.54,-0.2985,-1285.84,-1.1602,-1213.09,-1.0927,-41.48,-0.0371,713.96,0.6397,-64.35,-0.0578,837.85,0.753,-583.82,-0.5255,-282.44,-0.2548,-52.72,-0.0476,-657.88,-0.5952,-174.17,-0.1573,418.8,0.3775,687.77,0.6177,627.6,0.5651,-1192.67,-1.0934
"Sunday, May 25, 2025_18:40_Fed Chair Powell Speaks",Fed Chair Powell Speaks,0,1,2025-05-25 17:00:00,107363.37,133.53,0.1243,498.39,0.4627,348.36,0.3235,72.31,0.0673,1527.23,1.399,1726.87,1.5842,2199.23,2.0077,1998.16,1.824,2276.77,2.0814,2607.32,2.3784,2832.42,2.5857,2639.6,2.4073,2933.29,2.6684,3378.2,3.0684,2634.17,2.402,3122.76,2.8463,2978.54,2.7166,3551.02,3.2349,3310.64,3.0144,2984.17,2.7229,2827.32,2.5784,3126.11,2.8417,2294.93,2.0979,1698.06,1.5554
"Wednesday, May 28, 2025_18:00_FOMC Meeting Minutes",FOMC Meeting Minutes,0,1,2025-05-28 17:00:00,107679.01,-122.39,-0.1139,-448.23,-0.4191,-358.35,-0.3339,-216.96,-0.2018,-539.75,-0.5026,-1.95,-0.0018,589.51,0.5444,562.42,0.52,741.33,0.6837,320.59,0.2967,-32.44,-0.0302,-115.09,-0.1069,79.42,0.0736,36.86,0.0342,782.96,0.7217,793.7,0.7314,980.53,0.9017,949.23,0.8726,545.54,0.5031,-212.43,-0.1974,-36.15,-0.0336,-562.97,-0.526,-848.81,-0.7953,-1358.35,-1.2778
"Thursday, May 29, 2025_12:30_GDP (QoQ)  (Q1)",GDP (QoQ)  (Q1),1,8,2025-05-29 11:00:00,108779.84,-632.91,-0.5837,-1181.52,-1.0981,-1299.54,-1.2075,-1893.04,-1.7689,-1918.12,-1.7973,-2433.81,-2.2895,-2727.78,-2.5773,-2757.13,-2.6077,-2481.78,-2.3373,-1853.35,-1.7412,-2442.46,-2.3058,-2770.12,-2.6235,-3492.92,-3.3285,-2588.13,-2.4493,-2358.55,-2.2251,-2119.5,-1.9991,-1923.29,-1.8125,-2154.42,-2.0309,-2553.6,-2.4156,-3310.57,-3.1521,-3288.83,-3.1269,-2816.37,-2.6664,-2596.99,-2.4517,-2817.97,-2.6615
"Thursday, May 29, 2025_12:30_Initial Jobless Claims",Initial Jobless Claims,1,4,2025-05-29 11:00:00,108779.84,-632.91,-0.5837,-1181.52,-1.0981,-1299.54,-1.2075,-1893.04,-1.7689,-1918.12,-1.7973,-2433.81,-2.2895,-2727.78,-2.5773,-2757.13,-2.6077,-2481.78,-2.3373,-1853.35,-1.7412,-2442.46,-2.3058,-2770.12,-2.6235,-3492.92,-3.3285,-2588.13,-2.4493,-2358.55,-2.2251,-2119.5,-1.9991,-1923.29,-1.8125,-2154.42,-2.0309,-2553.6,-2.4156,-3310.57,-3.1521,-3288.83,-3.1269,-2816.37,-2.6664,-2596.99,-2.4517,-2817.97,-2.6615
"Monday, June 2, 2025_14:00_ISM Manufacturing PMI  (May)",ISM Manufacturing PMI  (May),1,6,2025-06-02 13:00:00,103800.0,485.36,0.4659,536.6,0.5138,145.35,0.1394,609.38,0.5837,345.96,0.3315,738.54,0.7072,983.24,0.9375,958.04,0.9129,1964.46,1.8586,1898.71,1.7936,2327.45,2.1898,2677.97,2.515,1604.3,1.519,1360.38,1.2897,1003.83,0.9545,1439.63,1.3652,1354.35,1.2846,1361.37,1.2944,833.97,0.7935,1107.92,1.0532,1202.08,1.1418,1066.15,1.0126,1365.22,1.2964,1153.39,1.0941
"Monday, June 2, 2025_17:00_Fed Chair Powell Speaks",Fed Chair Powell Speaks,0,1,2025-06-02 16:00:00,104286.06,259.1,0.2482,135.42,0.1298,42.15,0.0404,748.15,0.7133,566.64,0.54,1681.49,1.5909,1727.05,1.6315,1989.74,1.8721,2359.13,2.2155,1318.75,1.2487,1206.49,1.1438,980.19,0.932,1284.92,1.2185,1125.24,1.0673,818.27,0.778,871.63,0.8294,879.73,0.8363,1055.67,1.0027,845.19,0.8027,1150.55,1.0926,1155.58,1.0962,2295.79,2.1547,2435.05,2.2841,1462.91,1.3825
"Wednesday, June 4, 2025_14:00_ISM Non-Manufacturing PMI  (May)",ISM Non-Manufacturing PMI  (May),1,7,2025-06-04 13:00:00,104761.17,514.97,0.4903,666.88,0.6333,822.53,0.78,469.01,0.4465,274.35,0.2614,199.32,0.19,-74.65,-0.0714,347.84,0.3315,285.13,0.2721,-84.74,-0.0809,182.69,0.174,-2.19,-0.0021,328.67,0.3131,139.46,0.1328,307.75,0.2926,-295.39,-0.2823,-295.44,-0.2828,-295.4,-0.2826,-285.69,-0.2729,-127.45,-0.1215,-212.98,-0.2035,-60.61,-0.0578,760.3,0.7196,-278.64,-0.2666
"Thursday, June 5, 2025_12:30_Initial Jobless Claims",Initial Jobless Claims,1,4,2025-06-05 11:00:00,104827.8,877.94,0.831,-293.16,-0.2805,-409.23,-0.3911,-403.88,-0.3864,-1583.2,-1.5332,-1524.69,-1.4768,-1829.69,-1.7763,-2850.39,-2.7968,-4542.42,-4.5205,-3301.88,-3.2517,-3210.98,-3.1634,-3057.13,-3.0117,-2762.32,-2.7108,-2667.58,-2.6194,-2365.46,-2.3145,-2043.49,-1.9938,-1576.78,-1.5342,-1398.14,-1.358,-1220.1,-1.1827,-1126.61,-1.0922,-814.76,-0.7871,-838.85,-0.8094,-759.21,-0.7323,-489.57,-0.4711
"Friday, June 6, 2025_12:30_Nonfarm Payrolls  (May)",Nonfarm Payrolls  (May),1,9,2025-06-06 11:00:00,103927.99,-612.14,-0.59,255.8,0.2457,880.64,0.8405,947.08,0.9012,998.32,0.953,1283.61,1.2234,885.42,0.8473,159.75,0.1533,699.54,0.6696,961.07,0.9207,1228.95,1.1763,813.05,0.7796,873.82,0.8361,1124.51,1.0766,1141.43,1.0919,1939.66,1.8496,1806.67,1.7236,1837.65,1.7522,2311.49,2.1948,1614.8,1.5399,1256.11,1.1992,1505.59,1.436,1711.74,1.628,1321.5,1.2568
"Friday, June 6, 2025_12:30_Unemployment Rate  (May)",Unemployment Rate  (May),0,9,2025-06-06 11:00:00,103927.99,-612.14,-0.59,255.8,0.2457,880.64,0.8405,947.08,0.9012,998.32,0.953,1283.61,1.2234,885.42,0.8473,159.75,0.1533,699.54,0.6696,961.07,0.9207,1228.95,1.1763,813.05,0.7796,873.82,0.8361,1124.51,1.0766,1141.43,1.0919,1939.66,1.8496,1806.67,1.7236,1837.65,1.7522,2311.49,2.1948,1614.8,1.5399,1256.11,1.1992,1505.59,1.436,1711.74,1.628,1321.5,1.2568
"Tuesday, June 10, 2025_20:00_U.S. President Trump Speaks",U.S. President Trump Speaks,-1,6,2025-06-10 19:00:00,109526.3,1280.42,1.1644,514.12,0.468,-19.04,-0.0173,1144.72,1.0381,-65.08,-0.0593,-85.03,-0.0776,-536.31,-0.489,-160.77,-0.1465,-82.11,-0.0749,-786.49,-0.7185,-998.64,-0.9112,-1391.53,-1.2714,-405.81,-0.3703,-1447.18,-1.3244,-963.68,-0.8811,-1791.95,-1.6402,-1215.68,-1.108,-1065.8,-0.9717,-1096.91,-0.9984,-809.24,-0.7374,-783.32,-0.7158,-1334.47,-1.2245,-1542.8,-1.4179,-1754.24,-1.6132
"Wednesday, June 11, 2025_12:30_Core CPI (MoM)  (May)",Core CPI (MoM)  (May),1,9,2025-06-11 11:00:00,109252.09,1058.61,0.9649,514.7,0.4693,202.34,0.1842,570.61,0.52,-158.73,-0.145,-167.9,-0.1541,-556.25,-0.5112,-764.3,-0.7029,-564.22,-0.5181,-1032.81,-0.9518,-1494.39,-1.378,-979.46,-0.9015,-716.06,-0.6587,-1342.89,-1.2375,-859.38,-0.7928,-1959.27,-1.8165,-1545.46,-1.4341,-1828.62,-1.6971,-1889.16,-1.7507,-2113.91,-1.964,-1525.11,-1.4157,-1670.88,-1.5542,-1740.67,-1.6219,-1905.23,-1.7822
"Wednesday, June 11, 2025_12:30_CPI (MoM)  (May)",CPI (MoM)  (May),1,9,2025-06-11 11:00:00,109252.09,1058.61,0.9649,514.7,0.4693,202.34,0.1842,570.61,0.52,-158.73,-0.145,-167.9,-0.1541,-556.25,-0.5112,-764.3,-0.7029,-564.22,-0.5181,-1032.81,-0.9518,-1494.39,-1.378,-979.46,-0.9015,-716.06,-0.6587,-1342.89,-1.2375,-859.38,-0.7928,-1959.27,-1.8165,-1545.46,-1.4341,-1828.62,-1.6971,-1889.16,-1.7507,-2113.91,-1.964,-1525.11,-1.4157,-1670.88,-1.5542,-1740.67,-1.6219,-1905.23,-1.7822
"Wednesday, June 11, 2025_12:30_CPI (YoY)  (May)",CPI (YoY)  (May),-1,9,2025-06-11 11:00:00,109252.09,1058.61,0.9649,514.7,0.4693,202.34,0.1842,570.61,0.52,-158.73,-0.145,-167.9,-0.1541,-556.25,-0.5112,-764.3,-0.7029,-564.22,-0.5181,-1032.81,-0.9518,-1494.39,-1.378,-979.46,-0.9015,-716.06,-0.6587,-1342.89,-1.2375,-859.38,-0.7928,-1959.27,-1.8165,-1545.46,-1.4341,-1828.62,-1.6971,-1889.16,-1.7507,-2113.91,-1.964,-1525.11,-1.4157,-1670.88,-1.5542,-1740.67,-1.6219,-1905.23,-1.7822
"Thursday, June 12, 2025_12:30_Initial Jobless Claims",Initial Jobless Claims,0,3,2025-06-12 11:00:00,106900.95,372.59,0.3483,521.77,0.4873,770.18,0.7157,26.04,0.0243,694.55,0.6446,1331.79,1.2299,705.27,0.6557,89.32,0.0836,-960.96,-0.9068,-1000.99,-0.9453,-888.64,-0.8392,-1232.61,-1.1664,-3051.85,-2.9402,-3390.89,-3.2676,-3226.87,-3.1135,-2669.86,-2.5603,-2391.0,-2.2901,-2839.02,-2.7298,-2396.59,-2.2889,-2335.05,-2.2261,-2327.77,-2.2224,-2198.09,-2.0968,-2069.43,-1.9733,-1739.8,-1.6563
"Tuesday, June 17, 2025_12:30_Core Retail Sales (MoM)  (May)",Core Retail Sales (MoM)  (May),1,6,2025-06-17 11:00:00,105641.47,173.55,0.1645,-269.86,-0.2562,-1076.95,-1.0272,-1242.14,-1.1916,-2197.89,-2.1209,-1987.96,-1.9149,-1585.18,-1.5182,-1111.96,-1.0622,-1406.9,-1.3481,-1689.45,-1.6159,-1881.39,-1.8051,-1771.75,-1.6946,-1132.24,-1.0799,-1475.75,-1.4085,-1337.04,-1.2751,-971.68,-0.9238,-683.12,-0.6478,-431.91,-0.4097,-1047.14,-0.9976,-1065.39,-1.0149,-792.44,-0.7551,-1287.58,-1.2298,-1606.75,-1.541,-1075.49,-1.0258
"Tuesday, June 17, 2025_12:30_Retail Sales (MoM)  (May)",Retail Sales (MoM)  (May),1,7,2025-06-17 11:00:00,105641.47,173.55,0.1645,-269.86,-0.2562,-1076.95,-1.0272,-1242.14,-1.1916,-2197.89,-2.1209,-1987.96,-1.9149,-1585.18,-1.5182,-1111.96,-1.0622,-1406.9,-1.3481,-1689.45,-1.6159,-1881.39,-1.8051,-1771.75,-1.6946,-1132.24,-1.0799,-1475.75,-1.4085,-1337.04,-1.2751,-971.68,-0.9238,-683.12,-0.6478,-431.91,-0.4097,-1047.14,-0.9976,-1065.39,-1.0149,-792.44,-0.7551,-1287.58,-1.2298,-1606.75,-1.541,-1075.49,-1.0258
"Wednesday, June 18, 2025_12:30_Initial Jobless Claims",Initial Jobless Claims,-1,4,2025-06-18 11:00:00,104840.59,-449.91,-0.4305,-462.62,-0.443,-530.71,-0.5073,-246.72,-0.2354,-435.59,-0.4171,-468.36,-0.4489,-1335.52,-1.2888,-669.91,-0.6453,-306.47,-0.2924,244.86,0.233,-122.29,-0.1167,268.9,0.2564,87.06,0.083,-54.59,-0.0522,273.99,0.2616,576.03,0.5481,774.07,0.7367,466.72,0.4449,615.8,0.5881,270.62,0.2586,571.35,0.5455,819.47,0.7805,343.51,0.3274,614.88,0.5869
"Wednesday, June 18, 2025_18:00_Fed Interest Rate Decision",Fed Interest Rate Decision,0,10,2025-06-18 17:00:00,104331.83,-952.63,-0.9193,-687.1,-0.6619,372.54,0.3554,795.9,0.7574,675.05,0.644,632.05,0.6026,633.81,0.604,756.93,0.7236,224.25,0.2141,1113.61,1.0596,1143.94,1.0887,847.25,0.8077,812.89,0.7763,1029.99,0.9843,943.93,0.9012,1199.08,1.142,1320.71,1.2589,1064.5,1.016,995.63,0.9505,514.46,0.4933,503.63,0.4836,58.46,0.0562,92.76,0.0892,946.97,0.906
"Sunday, June 22, 2025_02:00_U.S. President Trump Speaks",U.S. President Trump Speaks,-1,10,2025-06-22 01:00:00,102387.0,-418.54,-0.4089,-324.25,-0.3167,-13.75,-0.0134,461.01,0.4482,141.53,0.1377,218.32,0.2132,452.56,0.4406,41.94,0.041,70.45,0.0687,477.54,0.4648,703.75,0.6848,-1226.33,-1.2158,-2673.27,-2.6832,-3541.55,-3.5807,-2773.31,-2.7826,-2815.25,-2.83,-2737.13,-2.7526,-3385.11,-3.4234,-3083.66,-3.098,-3375.08,-3.4032,-1555.82,-1.5407,-1644.16,-1.6285,-1777.93,-1.762,-1364.67,-1.3498
"Tuesday, June 24, 2025_14:00_Fed Chair Powell Testifies",Fed Chair Powell Testifies,0,2,2025-06-24 13:00:00,105065.44,1283.02,1.2159,234.45,0.2228,1580.78,1.4881,1420.64,1.3396,525.39,0.4978,1086.27,1.0282,1128.31,1.0636,636.34,0.6004,1254.08,1.1828,1124.78,1.0603,1088.0,1.0225,1357.34,1.2758,1940.99,1.823,1313.8,1.2367,1116.27,1.0511,1005.81,0.947,1292.08,1.2144,2220.39,2.0829,1218.71,1.1429,1729.92,1.6224,2103.55,1.9636,1681.99,1.569,1902.98,1.7745,2191.05,2.0302
"Thursday, June 26, 2025_12:30_GDP (QoQ)  (Q1)",GDP (QoQ)  (Q1),1,8,2025-06-26 11:00:00,107325.41,1101.45,1.0282,368.68,0.3447,207.87,0.1935,455.19,0.4242,-103.84,-0.0969,43.12,0.0402,-163.85,-0.1526,181.48,0.1688,164.2,0.1524,-570.3,-0.5328,-977.32,-0.9134,-630.43,-0.5895,-710.97,-0.6665,-507.44,-0.4737,-74.6,-0.0696,-42.51,-0.0396,-98.22,-0.0914,-328.29,-0.306,-555.9,-0.5182,-616.66,-0.577,-239.1,-0.2235,-271.94,-0.2539,-206.28,-0.1928,137.1,0.1282
"Thursday, June 26, 2025_12:30_Initial Jobless Claims",Initial Jobless Claims,-1,4,2025-06-26 11:00:00,107325.41,1101.45,1.0282,368.68,0.3447,207.87,0.1935,455.19,0.4242,-103.84,-0.0969,43.12,0.0402,-163.85,-0.1526,181.48,0.1688,164.2,0.1524,-570.3,-0.5328,-977.32,-0.9134,-630.43,-0.5895,-710.97,-0.6665,-507.44,-0.4737,-74.6,-0.0696,-42.51,-0.0396,-98.22,-0.0914,-328.29,-0.306,-555.9,-0.5182,-616.66,-0.577,-239.1,-0.2235,-271.94,-0.2539,-206.28,-0.1928,137.1,0.1282
"Tuesday, July 1, 2025_14:00_ISM Manufacturing PMI  (Jun)",ISM Manufacturing PMI  (Jun),-1,6,2025-07-01 13:00:00,106807.42,-731.73,-0.6908,-674.25,-0.6364,-739.16,-0.6968,-488.34,-0.4596,-1001.51,-0.9471,-1483.5,-1.4075,-1026.09,-0.9687,-1129.71,-1.0679,-1395.1,-1.321,-1304.78,-1.2346,-1733.38,-1.6447,-1370.41,-1.2963,-1184.5,-1.1184,-857.64,-0.8076,-672.62,-0.6323,-132.97,-0.1247,-5.26,-0.0049,191.04,0.1784,977.86,0.9077,724.13,0.6728,991.47,0.9193,711.79,0.6623,428.8,0.3993,954.51,0.8857
"Thursday, July 3, 2025_12:30_Initial Jobless Claims",Initial Jobless Claims,-1,4,2025-07-03 11:00:00,109599.19,-484.96,-0.4442,998.05,0.9052,458.34,0.4177,-424.51,-0.389,141.07,0.1291,-4.72,-0.0043,225.66,0.2057,-20.03,-0.0182,565.14,0.514,-118.38,-0.1078,191.73,0.1748,174.87,0.1596,-534.76,-0.4885,-373.03,-0.3407,-735.91,-0.674,-1256.95,-1.1507,-1232.5,-1.1309,-1042.19,-0.956,-1437.56,-1.3186,-1738.59,-1.5994,-1809.33,-1.6635,-1619.43,-1.4857,-1259.49,-1.1566,-1565.97,-1.4381
"Thursday, July 3, 2025_12:30_Nonfarm Payrolls  (Jun)",Nonfarm Payrolls  (Jun),-1,9,2025-07-03 11:00:00,109599.19,-484.96,-0.4442,998.05,0.9052,458.34,0.4177,-424.51,-0.389,141.07,0.1291,-4.72,-0.0043,225.66,0.2057,-20.03,-0.0182,565.14,0.514,-118.38,-0.1078,191.73,0.1748,174.87,0.1596,-534.76,-0.4885,-373.03,-0.3407,-735.91,-0.674,-1256.95,-1.1507,-1232.5,-1.1309,-1042.19,-0.956,-1437.56,-1.3186,-1738.59,-1.5994,-1809.33,-1.6635,-1619.43,-1.4857,-1259.49,-1.1566,-1565.97,-1.4381
"Thursday, July 3, 2025_12:30_Unemployment Rate  (Jun)",Unemployment Rate  (Jun),-1,9,2025-07-03 11:00:00,109599.19,-484.96,-0.4442,998.05,0.9052,458.34,0.4177,-424.51,-0.389,141.07,0.1291,-4.72,-0.0043,225.66,0.2057,-20.03,-0.0182,565.14,0.514,-118.38,-0.1078,191.73,0.1748,174.87,0.1596,-534.76,-0.4885,-373.03,-0.3407,-735.91,-0.674,-1256.95,-1.1507,-1232.5,-1.1309,-1042.19,-0.956,-1437.56,-1.3186,-1738.59,-1.5994,-1809.33,-1.6635,-1619.43,-1.4857,-1259.49,-1.1566,-1565.97,-1.4381
"Thursday, July 3, 2025_14:00_ISM Non-Manufacturing PMI  (Jun)",ISM Non-Manufacturing PMI  (Jun),-1,6,2025-07-03 13:00:00,110255.63,-327.26,-0.2983,-315.93,-0.2895,-425.24,-0.3891,-120.8,-0.1103,41.3,0.0377,57.22,0.0521,281.16,0.2557,-314.62,-0.2866,44.56,0.0406,-545.56,-0.4978,-70.49,-0.0644,-478.19,-0.4367,-981.79,-0.8992,-826.61,-0.7567,-1138.39,-1.0446,-1884.25,-1.7285,-1554.23,-1.4256,-1578.0,-1.4517,-2050.88,-1.8856,-1884.82,-1.7292,-2079.48,-1.9095,-2181.48,-2.0034,-2163.37,-1.9896,-2756.71,-2.5532
"Wednesday, July 9, 2025_18:00_FOMC Meeting Minutes",FOMC Meeting Minutes,0,6,2025-07-09 17:00:00,109168.0,436.75,0.3987,2519.09,2.2542,1612.69,1.4566,1724.77,1.5564,2181.71,1.9588,2200.47,1.9782,1722.5,1.553,1988.05,1.788,1883.95,1.694,1830.24,1.6478,1954.96,1.7588,1740.51,1.5668,2007.29,1.8046,1867.18,1.6787,1782.43,1.6024,1482.32,1.3349,1550.0,1.3953,1655.35,1.491,1330.54,1.2001,1251.8,1.1298,1855.59,1.668,1901.78,1.707,3130.15,2.7788,4292.77,3.7748
"Thursday, July 10, 2025_12:30_Initial Jobless Claims",Initial Jobless Claims,-1,4,2025-07-10 11:00:00,111019.99,-144.95,-0.1307,-79.14,-0.0714,294.92,0.2651,616.83,0.5537,1820.12,1.6158,2948.59,2.5928,2533.06,2.2333,2436.02,2.15,2857.54,2.5178,5465.89,4.6921,5273.43,4.5457,5302.45,4.5707,4749.61,4.109,5447.88,4.6978,6174.43,5.2921,6055.51,5.1809,6106.88,5.2232,7035.8,5.9696,6959.19,5.9152,6444.35,5.4833,7239.74,6.1372,7731.51,6.5261,7159.81,6.0685,7316.47,6.2098
"Tuesday, July 15, 2025_12:30_Core CPI (MoM)  (Jun)",Core CPI (MoM)  (Jun),-1,9,2025-07-15 11:00:00,117113.98,259.71,0.2216,1388.93,1.1762,-1515.12,-1.306,-995.15,-0.855,-414.09,-0.3534,363.74,0.3099,-708.68,-0.6072,-617.66,-0.5306,-1005.06,-0.8633,211.17,0.1796,-359.99,-0.3055,395.08,0.3355,54.11,0.0458,-76.23,-0.0647,-677.57,-0.5776,164.97,0.1404,-515.1,-0.438,533.96,0.453,466.21,0.3942,369.51,0.3126,884.26,0.745,1521.9,1.2768,845.55,0.7121,1299.54,1.0942
"Tuesday, July 15, 2025_12:30_CPI (MoM)  (Jun)",CPI (MoM)  (Jun),-1,9,2025-07-15 11:00:00,117113.98,259.71,0.2216,1388.93,1.1762,-1515.12,-1.306,-995.15,-0.855,-414.09,-0.3534,363.74,0.3099,-708.68,-0.6072,-617.66,-0.5306,-1005.06,-0.8633,211.17,0.1796,-359.99,-0.3055,395.08,0.3355,54.11,0.0458,-76.23,-0.0647,-677.57,-0.5776,164.97,0.1404,-515.1,-0.438,533.96,0.453,466.21,0.3942,369.51,0.3126,884.26,0.745,1521.9,1.2768,845.55,0.7121,1299.54,1.0942
"Tuesday, July 15, 2025_12:30_CPI (YoY)  (Jun)",CPI (YoY)  (Jun),-1,9,2025-07-15 11:00:00,117113.98,259.71,0.2216,1388.93,1.1762,-1515.12,-1.306,-995.15,-0.855,-414.09,-0.3534,363.74,0.3099,-708.68,-0.6072,-617.66,-0.5306,-1005.06,-0.8633,211.17,0.1796,-359.99,-0.3055,395.08,0.3355,54.11,0.0458,-76.23,-0.0647,-677.57,-0.5776,164.97,0.1404,-515.1,-0.438,533.96,0.453,466.21,0.3942,369.51,0.3126,884.26,0.745,1521.9,1.2768,845.55,0.7121,1299.54,1.0942
"Thursday, July 17, 2025_12:30_Core Retail Sales (MoM)  (Jun)",Core Retail Sales (MoM)  (Jun),-1,7,2025-07-17 11:00:00,117995.0,134.24,0.1139,288.68,0.2441,1262.89,1.0633,1139.62,0.9586,304.2,0.2566,1335.93,1.1202,1403.76,1.1739,1072.26,0.9014,1468.02,1.2291,2095.21,1.7421,2035.26,1.6994,1143.35,0.9594,1443.95,1.2059,2487.65,2.0672,1423.32,1.1851,1772.21,1.4741,2186.23,1.8158,2552.72,2.1169,2074.53,1.7252,819.06,0.6863,526.85,0.4441,744.53,0.6263,1105.28,0.9269,1028.27,0.8629
"Thursday, July 17, 2025_12:30_Initial Jobless Claims",Initial Jobless Claims,-1,3,2025-07-17 11:00:00,117995.0,134.24,0.1139,288.68,0.2441,1262.89,1.0633,1139.62,0.9586,304.2,0.2566,1335.93,1.1202,1403.76,1.1739,1072.26,0.9014,1468.02,1.2291,2095.21,1.7421,2035.26,1.6994,1143.35,0.9594,1443.95,1.2059,2487.65,2.0672,1423.32,1.1851,1772.21,1.4741,2186.23,1.8158,2552.72,2.1169,2074.53,1.7252,819.06,0.6863,526.85,0.4441,744.53,0.6263,1105.28,0.9269,1028.27,0.8629
"Thursday, July 17, 2025_12:30_Retail Sales (MoM)  (Jun)",Retail Sales (MoM)  (Jun),-1,7,2025-07-17 11:00:00,117995.0,134.24,0.1139,288.68,0.2441,1262.89,1.0633,1139.62,0.9586,304.2,0.2566,1335.93,1.1202,1403.76,1.1739,1072.26,0.9014,1468.02,1.2291,2095.21,1.7421,2035.26,1.6994,1143.35,0.9594,1443.95,1.2059,2487.65,2.0672,1423.32,1.1851,1772.21,1.4741,2186.23,1.8158,2552.72,2.1169,2074.53,1.7252,819.06,0.6863,526.85,0.4441,744.53,0.6263,1105.28,0.9269,1028.27,0.8629
"Tuesday, July 22, 2025_12:30_Fed Chair Powell Speaks",Fed Chair Powell Speaks,0,3,2025-07-22 11:00:00,119154.99,499.25,0.4185,-697.95,-0.5907,176.87,0.1486,79.39,0.0668,-382.58,-0.3224,260.14,0.2182,896.67,0.7489,280.47,0.2351,589.01,0.4921,421.4,0.3529,861.49,0.7188,977.74,0.8151,712.48,0.596,470.49,0.3938,-112.69,-0.0946,-355.49,-0.2997,-304.16,-0.2556,-286.87,-0.2418,-705.38,-0.5957,-793.34,-0.6703,-678.51,-0.573,-1049.09,-0.8888,-780.9,-0.6597,-790.59,-0.667
"Thursday, July 24, 2025_12:30_Initial Jobless Claims",Initial Jobless Claims,-1,3,2025-07-24 11:00:00,118600.0,-198.88,-0.1678,-378.35,-0.32,322.08,0.2705,639.52,0.537,-244.8,-0.2065,401.31,0.3369,383.42,0.3221,229.54,0.193,72.29,0.0609,-33.24,-0.028,-485.18,-0.4102,-234.4,-0.1981,-927.89,-0.7886,-1017.92,-0.8674,-2232.76,-1.9189,-3149.12,-2.7284,-2526.85,-2.1764,-3124.04,-2.7048,-3073.38,-2.6659,-3335.59,-2.8925,-3306.64,-2.8703,-2175.17,-1.8746,-2287.52,-1.9668,-1753.98,-1.505
"Wednesday, July 30, 2025_12:30_GDP (QoQ)  (Q2)",GDP (QoQ)  (Q2),-1,8,2025-07-30 11:00:00,117579.99,-61.51,-0.0522,-24.23,-0.0206,959.57,0.8083,41.38,0.0351,-185.61,-0.1576,-91.63,-0.0778,-1362.05,-1.1689,-771.71,-0.6601,-657.7,-0.5613,-491.54,-0.4189,-353.6,-0.301,2.13,0.0018,850.64,0.7183,234.43,0.1986,545.3,0.4604,857.68,0.724,664.65,0.5608,641.33,0.5418,910.47,0.7671,1008.43,0.8498,789.88,0.666,659.64,0.5562,606.93,0.5122,427.43,0.3611
"Wednesday, July 30, 2025_18:00_Fed Interest Rate Decision",Fed Interest Rate Decision,0,9,2025-07-30 17:00:00,117802.1,-1389.8,-1.1927,-957.71,-0.8191,-654.99,-0.559,-520.5,-0.4436,-302.81,-0.2577,94.58,0.0803,615.71,0.52,301.95,0.2558,713.47,0.6024,619.43,0.5229,679.42,0.5733,536.52,0.4533,861.58,0.7259,996.17,0.8395,608.1,0.5128,710.83,0.5993,394.4,0.3328,530.52,0.4482,912.94,0.7696,717.66,0.6053,232.88,0.1975,482.8,0.4081,733.02,0.6184,-85.6,-0.0727
"Thursday, July 31, 2025_12:30_Initial Jobless Claims",Initial Jobless Claims,0,2,2025-07-31 11:00:00,118371.25,171.3,0.1444,139.78,0.1179,-538.63,-0.4568,-152.7,-0.1291,163.87,0.1382,-1043.33,-0.8862,-808.12,-0.6868,-2044.81,-1.7509,-2011.39,-1.7263,-2223.13,-1.9077,-2527.7,-2.1789,-2898.75,-2.504,-2887.32,-2.5014,-3336.82,-2.8932,-2583.5,-2.2278,-2756.06,-2.3831,-2778.93,-2.4019,-2942.01,-2.5457,-3178.4,-2.7601,-3187.54,-2.7698,-3889.31,-3.3933,-3433.36,-2.9871,-3656.08,-3.1858,-3268.77,-2.8349
"Friday, August 1, 2025_12:30_Nonfarm Payrolls  (Jul)",Nonfarm Payrolls  (Jul),-1,9,2025-08-01 11:00:00,115305.65,191.98,0.1659,-1122.92,-0.982,149.63,0.1294,-88.68,-0.0769,-620.94,-0.5399,-1587.69,-1.3876,-2332.69,-2.0492,-2436.29,-2.1498,-2093.74,-1.8374,-2290.66,-2.0113,-3221.0,-2.8469,-2915.91,-2.5737,-2255.37,-1.9815,-2425.88,-2.1341,-2542.69,-2.2363,-1890.33,-1.6595,-2072.07,-1.8172,-1802.05,-1.581,-2175.35,-1.9133,-1706.64,-1.4973,-2077.69,-1.8276,-2426.05,-2.1339,-2035.09,-1.7922,-2074.09,-1.8228
"Friday, August 1, 2025_12:30_Unemployment Rate  (Jul)",Unemployment Rate  (Jul),1,8,2025-08-01 11:00:00,115305.65,191.98,0.1659,-1122.92,-0.982,149.63,0.1294,-88.68,-0.0769,-620.94,-0.5399,-1587.69,-1.3876,-2332.69,-2.0492,-2436.29,-2.1498,-2093.74,-1.8374,-2290.66,-2.0113,-3221.0,-2.8469,-2915.91,-2.5737,-2255.37,-1.9815,-2425.88,-2.1341,-2542.69,-2.2363,-1890.33,-1.6595,-2072.07,-1.8172,-1802.05,-1.581,-2175.35,-1.9133,-1706.64,-1.4973,-2077.69,-1.8276,-2426.05,-2.1339,-2035.09,-1.7922,-2074.09,-1.8228
"Friday, August 1, 2025_14:00_ISM Manufacturing PMI  (Jul)",ISM Manufacturing PMI  (Jul),1,6,2025-08-01 13:00:00,114352.05,651.72,0.5637,493.16,0.4275,-81.62,-0.071,-519.17,-0.4537,-1432.66,-1.2585,-2313.54,-2.0414,-1746.53,-1.5327,-1371.98,-1.2046,-2289.95,-2.024,-2241.99,-1.9788,-1952.55,-1.7154,-2017.31,-1.7746,-1852.41,-1.6292,-1588.85,-1.3948,-1621.05,-1.4217,-1100.42,-0.9654,-1818.35,-1.5993,-1100.49,-0.9655,-1518.47,-1.3357,-1489.69,-1.3103,-1663.03,-1.4646,-1835.65,-1.6132,-1543.16,-1.3582,-1851.35,-1.6317
"Tuesday, August 5, 2025_12:00_U.S. President Trump Speaks",U.S. President Trump Speaks,-1,4,2025-08-05 11:00:00,114827.07,-649.56,-0.5701,-218.55,-0.1911,-1641.07,-1.4518,-1615.39,-1.4304,-1375.17,-1.2151,-936.11,-0.8238,-1127.16,-0.9918,-1035.87,-0.9117,-938.79,-0.8257,-911.08,-0.802,-809.58,-0.7104,-387.78,-0.3398,-760.01,-0.6674,-462.47,-0.4063,-866.18,-0.7623,-1109.8,-0.9777,-1207.26,-1.0643,-305.51,-0.2676,-462.3,-0.4052,-307.07,-0.2688,-568.41,-0.4988,-486.79,-0.4267,-812.18,-0.712,-217.6,-0.1905
"Tuesday, August 5, 2025_14:00_ISM Non-Manufacturing PMI  (Jul)",ISM Non-Manufacturing PMI  (Jul),1,6,2025-08-05 13:00:00,114381.43,-1157.96,-1.0244,-1191.72,-1.0552,-1100.86,-0.9727,-677.74,-0.5964,-635.68,-0.5594,-705.7,-0.6211,-697.19,-0.6132,-748.41,-0.6588,-326.3,-0.2863,-114.8,-0.1006,-740.7,-0.6504,-465.99,-0.4094,-639.69,-0.563,-543.51,-0.4788,-732.76,-0.646,-34.85,-0.0305,-140.92,-0.1235,93.84,0.0822,-227.49,-0.1996,-92.62,-0.0812,-91.85,-0.0805,39.04,0.0342,-609.26,-0.5348,212.13,0.1856
"Thursday, August 7, 2025_12:30_Initial Jobless Claims",Initial Jobless Claims,1,4,2025-08-07 11:00:00,116519.53,506.92,0.4355,663.65,0.569,550.69,0.4733,1025.61,0.8789,583.29,0.5017,747.29,0.6414,795.22,0.6822,1739.35,1.4808,1313.78,1.1211,1297.33,1.1078,1763.56,1.5002,1664.1,1.4166,1056.79,0.9012,755.44,0.6463,443.35,0.3799,156.07,0.1337,394.54,0.3379,299.53,0.257,326.47,0.2797,406.66,0.3481,305.46,0.2619,268.82,0.2304,340.53,0.2922,568.16,0.4861
"Thursday, August 7, 2025_20:00_U.S. President Trump Speaks",U.S. President Trump Speaks,-1,6,2025-08-07 19:00:00,117461.98,635.44,0.5423,380.13,0.3246,712.94,0.6065,699.6,0.5955,282.61,0.241,168.9,0.1445,-429.28,-0.3678,-769.29,-0.659,-510.66,-0.4374,-741.85,-0.6366,-385.15,-0.3299,-509.5,-0.4362,-222.58,-0.1909,-389.25,-0.3336,-506.01,-0.4342,-429.34,-0.3673,-924.73,-0.7938,-358.01,-0.3062,-812.95,-0.6979,-1357.61,-1.1683,-1438.76,-1.2382,-809.78,-0.6938,-1166.21,-1.0011,-1072.09,-0.9206
"Tuesday, August 12, 2025_12:30_Core CPI (MoM)  (Jul)",Core CPI (MoM)  (Jul),-1,9,2025-08-12 11:00:00,118522.22,1113.23,0.9334,907.52,0.7636,1028.49,0.8611,1321.38,1.1018,837.15,0.6997,1111.6,0.932,978.89,0.8202,1265.44,1.0575,1706.08,1.4195,1431.5,1.1939,1145.1,0.9535,1259.31,1.0483,1205.48,1.007,1168.09,0.9777,963.18,0.8057,1101.85,0.9222,632.0,0.5296,793.32,0.6663,1107.38,0.9274,1390.69,1.163,1793.33,1.4939,1764.63,1.4691,2008.91,1.6672,2424.24,2.0106
"Tuesday, August 12, 2025_12:30_CPI (MoM)  (Jul)",CPI (MoM)  (Jul),1,9,2025-08-12 11:00:00,118522.22,1113.23,0.9334,907.52,0.7636,1028.49,0.8611,1321.38,1.1018,837.15,0.6997,1111.6,0.932,978.89,0.8202,1265.44,1.0575,1706.08,1.4195,1431.5,1.1939,1145.1,0.9535,1259.31,1.0483,1205.48,1.007,1168.09,0.9777,963.18,0.8057,1101.85,0.9222,632.0,0.5296,793.32,0.6663,1107.38,0.9274,1390.69,1.163,1793.33,1.4939,1764.63,1.4691,2008.91,1.6672,2424.24,2.0106
"Tuesday, August 12, 2025_12:30_CPI (YoY)  (Jul)",CPI (YoY)  (Jul),0,9,2025-08-12 11:00:00,118522.22,1113.23,0.9334,907.52,0.7636,1028.49,0.8611,1321.38,1.1018,837.15,0.6997,1111.6,0.932,978.89,0.8202,1265.44,1.0575,1706.08,1.4195,1431.5,1.1939,1145.1,0.9535,1259.31,1.0483,1205.48,1.007,1168.09,0.9777,963.18,0.8057,1101.85,0.9222,632.0,0.5296,793.32,0.6663,1107.38,0.9274,1390.69,1.163,1793.33,1.4939,1764.63,1.4691,2008.91,1.6672,2424.24,2.0106
"Wednesday, August 13, 2025_15:15_U.S. President Trump Speaks",U.S. President Trump Speaks,0,2,2025-08-13 14:00:00,120890.73,-8.29,-0.0069,119.75,0.0986,838.51,0.6883,101.89,0.0838,1408.0,1.1471,1575.35,1.2818,1067.32,0.8709,1331.12,1.0826,2119.8,1.7191,2308.77,1.8642,1965.08,1.5933,2190.05,1.771,1970.85,1.5979,1888.89,1.5356,403.28,0.3302,472.99,0.3884,281.42,0.2312,455.62,0.3746,101.25,0.0832,-357.28,-0.2954,-282.56,-0.2336,-2551.71,-2.1467,-2671.62,-2.2559,-2474.64,-2.0831
"Thursday, August 14, 2025_12:30_Initial Jobless Claims",Initial Jobless Claims,-1,4,2025-08-14 11:00:00,120949.67,-1772.79,-1.4914,-2355.12,-1.9886,-1787.94,-1.505,-2458.93,-2.0793,-3003.42,-2.5482,-2996.6,-2.5412,-3025.91,-2.5624,-3540.83,-3.0021,-2800.4,-2.3759,-3403.94,-2.8872,-2327.93,-1.9681,-2281.92,-1.929,-2740.35,-2.3188,-1723.2,-1.452,-1766.17,-1.488,-1807.71,-1.5195,-2042.25,-1.7186,-2061.6,-1.7327,-1455.25,-1.222,-2339.26,-1.9665,-1976.84,-1.6629,-1954.99,-1.6469,-1880.9,-1.5822,-1335.28,-1.122
"Thursday, August 14, 2025_17:00_U.S. President Trump Speaks",U.S. President Trump Speaks,0,6,2025-08-14 16:00:00,117866.42,-645.15,-0.5471,-232.7,-0.1971,-540.29,-0.4581,-321.71,-0.2729,-405.32,-0.3438,20.73,0.0175,-409.32,-0.346,-241.62,-0.2044,482.71,0.4067,145.05,0.1222,494.55,0.4157,976.62,0.8218,-98.98,-0.0832,339.55,0.2851,521.25,0.4382,109.2,0.0919,-31.39,-0.0264,564.27,0.4747,50.7,0.0426,-517.62,-0.4363,-1102.29,-0.936,-1638.86,-1.396,-2263.83,-1.9304,-1651.2,-1.407
"Friday, August 15, 2025_12:30_Core Retail Sales (MoM)  (Jul)",Core Retail Sales (MoM)  (Jul),1,6,2025-08-15 11:00:00,119006.01,-41.6,-0.0351,-736.36,-0.6252,-1682.77,-1.4334,-1729.76,-1.475,-1881.44,-1.6032,-1687.54,-1.4351,-1465.42,-1.2508,-1218.25,-1.0418,-1464.32,-1.2486,-1122.73,-0.957,-1016.8,-0.8639,-1216.72,-1.0369,-560.76,-0.4763,-501.17,-0.4254,-1087.39,-0.9254,-774.57,-0.6596,-878.68,-0.7458,-868.92,-0.7389,-1301.32,-1.1085,-1084.59,-0.9223,-584.61,-0.497,-1483.7,-1.2647,-1574.45,-1.3412,-1410.62,-1.2018
"Friday, August 15, 2025_12:30_Retail Sales (MoM)  (Jul)",Retail Sales (MoM)  (Jul),1,6,2025-08-15 11:00:00,119006.01,-41.6,-0.0351,-736.36,-0.6252,-1682.77,-1.4334,-1729.76,-1.475,-1881.44,-1.6032,-1687.54,-1.4351,-1465.42,-1.2508,-1218.25,-1.0418,-1464.32,-1.2486,-1122.73,-0.957,-1016.8,-0.8639,-1216.72,-1.0369,-560.76,-0.4763,-501.17,-0.4254,-1087.39,-0.9254,-774.57,-0.6596,-878.68,-0.7458,-868.92,-0.7389,-1301.32,-1.1085,-1084.59,-0.9223,-584.61,-0.497,-1483.7,-1.2647,-1574.45,-1.3412,-1410.62,-1.2018
"Wednesday, August 20, 2025_18:00_FOMC Meeting Minutes",FOMC Meeting Minutes,0,1,2025-08-20 17:00:00,114197.53,-546.47,-0.4815,285.33,0.2497,487.02,0.4258,871.33,0.7619,828.35,0.7228,159.51,0.1396,637.14,0.5575,1065.56,0.9288,528.35,0.4633,-358.25,-0.3144,5.66,0.005,298.21,0.2616,-79.28,-0.0697,-82.5,-0.0724,-691.03,-0.6084,-384.46,-0.3391,-841.37,-0.7424,-833.56,-0.7367,-677.37,-0.5989,-54.13,-0.0477,-137.18,-0.1211,-675.94,-0.5993,-1034.76,-0.9208,-1247.58,-1.1098
"Thursday, August 21, 2025_12:30_Initial Jobless Claims",Initial Jobless Claims,1,4,2025-08-21 11:00:00,113148.66,-319.18,-0.2822,52.91,0.0466,267.71,0.2363,-256.48,-0.2274,-452.51,-0.4027,-647.22,-0.5758,-271.51,-0.2411,-395.01,-0.3521,-381.56,-0.3393,-952.59,-0.8458,-231.69,-0.2059,10.05,0.0089,-747.85,-0.664,-568.88,-0.5041,-1099.79,-0.9719,-922.56,-0.8169,-762.56,-0.6757,-490.34,-0.433,-1126.95,-0.9973,-669.8,-0.5922,-808.58,-0.7157,-634.28,-0.5611,-1187.59,-1.0553,-1636.78,-1.4572
"Friday, August 22, 2025_14:00_Fed Chair Powell Speaks",Fed Chair Powell Speaks,1,10,2025-08-22 13:00:00,112487.11,3240.59,2.7982,4035.84,3.4681,3889.02,3.3484,4859.81,4.1528,4357.13,3.7302,3993.59,3.4234,4554.47,3.891,4662.72,3.9843,4594.04,3.9347,4265.94,3.6481,4099.02,3.5073,4201.82,3.6081,3376.78,2.9128,3213.41,2.7805,3257.88,2.8103,3803.27,3.28,3176.11,2.7432,3085.3,2.6643,3345.32,2.8902,3316.21,2.8646,3144.91,2.7211,2946.59,2.5554,3036.69,2.6357,2300.85,2.0031
"Friday, August 22, 2025_16:00_U.S. President Trump Speaks",U.S. President Trump Speaks,-1,7,2025-08-22 15:00:00,116370.75,416.59,0.3587,1456.34,1.2445,1436.89,1.2302,1722.3,1.4764,1633.17,1.3952,1421.61,1.2148,1475.48,1.2637,1577.03,1.3486,1372.85,1.1747,875.52,0.7518,147.32,0.1271,644.83,0.558,282.72,0.2439,617.12,0.5322,209.11,0.1806,541.38,0.4675,173.79,0.1502,52.42,0.0453,-132.56,-0.1147,-180.31,-0.1564,-257.2,-0.2232,-205.09,-0.1785,-401.03,-0.3499,-535.55,-0.4665
"Thursday, August 28, 2025_12:30_GDP (QoQ)  (Q2)",GDP (QoQ)  (Q2),-1,8,2025-08-28 11:00:00,112909.18,445.67,0.3936,324.33,0.2874,671.22,0.5932,258.76,0.2296,-296.81,-0.2642,-330.37,-0.294,-651.62,-0.5799,-1416.45,-1.2658,-718.66,-0.6422,-1036.32,-0.9251,-354.15,-0.3152,-565.94,-0.5028,-755.56,-0.6734,-1297.19,-1.1635,-1772.85,-1.5911,-1629.82,-1.459,-1602.15,-1.4369,-1925.61,-1.7299,-1848.08,-1.6608,-3582.08,-3.2559,-3676.26,-3.3534,-2833.73,-2.5815,-3193.11,-2.9026,-2492.65,-2.264
"Thursday, August 28, 2025_12:30_Initial Jobless Claims",Initial Jobless Claims,-1,4,2025-08-28 11:00:00,112909.18,445.67,0.3936,324.33,0.2874,671.22,0.5932,258.76,0.2296,-296.81,-0.2642,-330.37,-0.294,-651.62,-0.5799,-1416.45,-1.2658,-718.66,-0.6422,-1036.32,-0.9251,-354.15,-0.3152,-565.94,-0.5028,-755.56,-0.6734,-1297.19,-1.1635,-1772.85,-1.5911,-1629.82,-1.459,-1602.15,-1.4369,-1925.61,-1.7299,-1848.08,-1.6608,-3582.08,-3.2559,-3676.26,-3.3534,-2833.73,-2.5815,-3193.11,-2.9026,-2492.65,-2.264
"Tuesday, September 2, 2025_14:00_ISM Manufacturing PMI  (Aug)",ISM Manufacturing PMI  (Aug),-1,6,2025-09-02 13:00:00,111149.99,674.06,0.6053,59.72,0.0539,-82.44,-0.0744,-94.66,-0.0853,-264.45,-0.239,-89.52,-0.0808,452.4,0.406,20.26,0.0182,337.49,0.3033,363.93,0.3272,596.13,0.5354,162.42,0.1461,774.15,0.6951,353.42,0.3182,340.01,0.3063,-162.29,-0.1466,104.98,0.0948,319.09,0.2872,265.61,0.2392,674.58,0.606,778.92,0.6989,466.65,0.4188,125.44,0.1129,420.18,0.3769
"Tuesday, September 2, 2025_18:00_U.S. President Trump Speaks",U.S. President Trump Speaks,0,3,2025-09-02 17:00:00,110914.0,-377.28,-0.341,-269.57,-0.2433,480.54,0.4313,44.24,0.0398,290.92,0.2615,463.2,0.4164,479.74,0.4309,375.54,0.3378,804.55,0.7224,319.28,0.2875,357.05,0.3216,97.8,0.0884,42.77,0.0386,609.46,0.5486,607.69,0.5474,684.56,0.615,954.33,0.8563,828.43,0.7434,608.3,0.5475,816.15,0.7321,1362.27,1.2135,1502.47,1.3388,1139.62,1.0188,1423.08,1.2671
"Thursday, September 4, 2025_12:30_Initial Jobless Claims",Initial Jobless Claims,1,4,2025-09-04 11:00:00,110810.0,487.78,0.4397,-9.81,-0.0089,-620.68,-0.5651,-852.97,-0.7789,-1003.33,-0.9168,-492.97,-0.449,-309.46,-0.2814,-390.78,-0.3559,98.39,0.0891,148.23,0.1341,1176.53,1.0553,371.4,0.3354,-112.17,-0.1016,696.53,0.6268,1015.03,0.9116,742.57,0.6671,1051.69,0.9437,1097.59,0.9837,1128.36,1.0083,2593.96,2.2965,2046.16,1.8169,1802.95,1.6054,1426.72,1.2709,1554.57,1.3836
"Thursday, September 4, 2025_14:00_ISM Non-Manufacturing PMI  (Aug)",ISM Non-Manufacturing PMI  (Aug),-1,7,2025-09-04 13:00:00,110464.0,-486.3,-0.4427,-775.33,-0.708,-752.78,-0.6879,-386.0,-0.3516,-339.26,-0.3085,-311.28,-0.2835,134.34,0.1217,383.94,0.3475,1099.54,0.9862,452.46,0.4086,61.29,0.0555,819.45,0.7374,1103.75,0.9913,1049.06,0.9424,1484.2,1.3318,1345.02,1.2055,1648.31,1.4729,2865.19,2.5366,2124.97,1.8869,2031.9,1.8093,1711.59,1.5247,1933.29,1.7207,2410.44,2.1291,2534.92,2.2416
"Friday, September 5, 2025_12:30_Nonfarm Payrolls  (Aug)",Nonfarm Payrolls  (Aug),1,10,2025-09-05 11:00:00,112354.0,1055.51,0.9323,968.13,0.8561,-1943.53,-1.7577,-1636.62,-1.4782,-1524.02,-1.3753,-1312.91,-1.187,-1160.23,-1.0434,-572.51,-0.5129,-167.45,-0.15,-1180.32,-1.0671,-952.79,-0.8599,-1299.5,-1.1743,-770.46,-0.6955,-734.73,-0.6627,-507.5,-0.4563,-609.51,-0.5487,-883.9,-0.7972,-937.97,-0.8472,-840.42,-0.7588,-806.66,-0.7279,-925.81,-0.8344,-1043.28,-0.9425,-1065.4,-0.9618,-966.9,-0.8728
"Friday, September 5, 2025_12:30_Unemployment Rate  (Aug)",Unemployment Rate  (Aug),1,9,2025-09-05 11:00:00,112354.0,1055.51,0.9323,968.13,0.8561,-1943.53,-1.7577,-1636.62,-1.4782,-1524.02,-1.3753,-1312.91,-1.187,-1160.23,-1.0434,-572.51,-0.5129,-167.45,-0.15,-1180.32,-1.0671,-952.79,-0.8599,-1299.5,-1.1743,-770.46,-0.6955,-734.73,-0.6627,-507.5,-0.4563,-609.51,-0.5487,-883.9,-0.7972,-937.97,-0.8472,-840.42,-0.7588,-806.66,-0.7279,-925.81,-0.8344,-1043.28,-0.9425,-1065.4,-0.9618,-966.9,-0.8728
"Thursday, September 11, 2025_12:30_Core CPI (MoM)  (Aug)",Core CPI (MoM)  (Aug),0,9,2025-09-11 11:00:00,113999.99,122.84,0.1078,759.28,0.6624,413.1,0.3609,257.65,0.2256,625.46,0.5463,676.58,0.5904,765.45,0.6696,890.86,0.7786,814.07,0.7116,811.85,0.7091,1238.9,1.0765,1796.43,1.5556,1895.62,1.6364,1447.84,1.2549,1365.77,1.1836,1188.14,1.0314,1541.69,1.3364,1525.01,1.3191,1195.1,1.0364,1166.32,1.0134,1166.41,1.0138,954.99,0.8301,1038.14,0.9029,774.7,0.6742
"Thursday, September 11, 2025_12:30_CPI (MoM)  (Aug)",CPI (MoM)  (Aug),-1,9,2025-09-11 11:00:00,113999.99,122.84,0.1078,759.28,0.6624,413.1,0.3609,257.65,0.2256,625.46,0.5463,676.58,0.5904,765.45,0.6696,890.86,0.7786,814.07,0.7116,811.85,0.7091,1238.9,1.0765,1796.43,1.5556,1895.62,1.6364,1447.84,1.2549,1365.77,1.1836,1188.14,1.0314,1541.69,1.3364,1525.01,1.3191,1195.1,1.0364,1166.32,1.0134,1166.41,1.0138,954.99,0.8301,1038.14,0.9029,774.7,0.6742
"Thursday, September 11, 2025_12:30_CPI (YoY)  (Aug)",CPI (YoY)  (Aug),-1,9,2025-09-11 11:00:00,113999.99,122.84,0.1078,759.28,0.6624,413.1,0.3609,257.65,0.2256,625.46,0.5463,676.58,0.5904,765.45,0.6696,890.86,0.7786,814.07,0.7116,811.85,0.7091,1238.9,1.0765,1796.43,1.5556,1895.62,1.6364,1447.84,1.2549,1365.77,1.1836,1188.14,1.0314,1541.69,1.3364,1525.01,1.3191,1195.1,1.0364,1166.32,1.0134,1166.41,1.0138,954.99,0.8301,1038.14,0.9029,774.7,0.6742
"Thursday, September 11, 2025_12:30_Initial Jobless Claims",Initial Jobless Claims,1,4,2025-09-11 11:00:00,113999.99,122.84,0.1078,759.28,0.6624,413.1,0.3609,257.65,0.2256,625.46,0.5463,676.58,0.5904,765.45,0.6696,890.86,0.7786,814.07,0.7116,811.85,0.7091,1238.9,1.0765,1796.43,1.5556,1895.62,1.6364,1447.84,1.2549,1365.77,1.1836,1188.14,1.0314,1541.69,1.3364,1525.01,1.3191,1195.1,1.0364,1166.32,1.0134,1166.41,1.0138,954.99,0.8301,1038.14,0.9029,774.7,0.6742
"Tuesday, September 16, 2025_12:30_Core Retail Sales (MoM)  (Aug)",Core Retail Sales (MoM)  (Aug),-1,6,2025-09-16 11:00:00,115287.83,83.14,0.072,-176.7,-0.1534,-150.48,-0.1305,510.05,0.4401,670.64,0.5778,1159.93,0.996,1024.2,0.8798,1508.19,1.2913,1532.86,1.3119,1469.24,1.2579,1556.74,1.3322,1555.09,1.3315,1275.96,1.0947,1430.64,1.2263,1384.15,1.1862,1073.62,0.9226,997.44,0.8575,1799.62,1.5367,1971.25,1.6815,1846.95,1.5764,1541.76,1.3193,1177.01,1.0099,1005.89,0.8645,923.24,0.7941
"Tuesday, September 16, 2025_12:30_Retail Sales (MoM)  (Aug)",Retail Sales (MoM)  (Aug),0,6,2025-09-16 11:00:00,115287.83,83.14,0.072,-176.7,-0.1534,-150.48,-0.1305,510.05,0.4401,670.64,0.5778,1159.93,0.996,1024.2,0.8798,1508.19,1.2913,1532.86,1.3119,1469.24,1.2579,1556.74,1.3322,1555.09,1.3315,1275.96,1.0947,1430.64,1.2263,1384.15,1.1862,1073.62,0.9226,997.44,0.8575,1799.62,1.5367,1971.25,1.6815,1846.95,1.5764,1541.76,1.3193,1177.01,1.0099,1005.89,0.8645,923.24,0.7941
"Wednesday, September 17, 2025_18:00_Fed Interest Rate Decision",Fed Interest Rate Decision,1,10,2025-09-17 17:00:00,115504.48,-336.15,-0.2917,-41.09,-0.0355,75.41,0.0652,485.84,0.4187,859.3,0.7372,713.2,0.6125,566.52,0.4869,906.19,0.7769,1129.75,0.966,1897.47,1.6137,1853.16,1.5757,1660.66,1.4161,1259.77,1.0758,1352.32,1.155,1412.39,1.2048,1504.26,1.2824,1295.17,1.1052,1331.31,1.1373,1383.34,1.1811,1773.9,1.5106,1945.25,1.6536,1814.79,1.5434,1829.51,1.5562,1890.65,1.608
"Thursday, September 18, 2025_12:30_Initial Jobless Claims",Initial Jobless Claims,-1,4,2025-09-18 11:00:00,117063.4,136.88,0.1169,547.84,0.4665,712.59,0.6057,786.86,0.6692,719.09,0.6117,703.59,0.5984,987.55,0.8382,669.41,0.5699,731.75,0.6227,499.55,0.4259,318.63,0.2722,254.44,0.2173,860.65,0.7329,672.52,0.5736,618.86,0.5284,398.43,0.3406,341.7,0.2921,288.47,0.2468,-96.0,-0.0823,191.35,0.1637,135.46,0.1159,-252.14,-0.2165,-205.24,-0.1761,-285.53,-0.2453
"Tuesday, September 23, 2025_13:50_U.S. President Trump Speaks",U.S. President Trump Speaks,0,5,2025-09-23 12:00:00,112941.02,-48.1,-0.0426,-33.14,-0.0294,103.72,0.0919,13.12,0.0116,-713.9,-0.6377,-846.16,-0.757,-913.71,-0.8183,-590.82,-0.5276,-459.62,-0.4098,-442.77,-0.3948,-749.97,-0.6696,-271.33,-0.2418,-157.41,-0.14,-559.97,-0.4995,-880.0,-0.7879,-289.05,-0.2577,268.71,0.2386,239.42,0.2126,80.08,0.0711,92.84,0.0824,514.11,0.456,373.96,0.3311,783.3,0.693,784.09,0.6935
"Tuesday, September 23, 2025_16:35_Fed Chair Powell Speaks",Fed Chair Powell Speaks,1,10,2025-09-23 15:00:00,112882.19,-120.04,-0.1064,-706.6,-0.6311,-963.78,-0.8622,-1165.32,-1.0437,-745.83,-0.666,-451.47,-0.4025,-456.85,-0.4073,-615.32,-0.5494,-395.58,-0.3525,-186.38,-0.1657,-516.41,-0.4606,-884.14,-0.7917,-367.33,-0.3275,69.55,0.0617,137.39,0.122,169.95,0.151,292.63,0.2598,405.59,0.3598,507.39,0.4493,534.51,0.4729,975.5,0.8627,422.27,0.3743,1514.55,1.3318,1044.83,0.9218
"Tuesday, September 23, 2025_23:20_U.S. President Trump Speaks",U.S. President Trump Speaks,-1,7,2025-09-23 22:00:00,112159.23,-181.72,-0.1622,369.24,0.329,369.26,0.3284,205.57,0.1834,-388.0,-0.3474,205.99,0.1837,784.58,0.6966,814.56,0.7234,722.32,0.6416,485.84,0.4314,633.63,0.5621,960.37,0.8503,819.73,0.7252,915.89,0.81,485.57,0.4304,1586.59,1.3952,1147.03,1.012,1646.71,1.4479,1469.96,1.2921,1352.24,1.1899,1311.3,1.1561,1258.6,1.1089,1104.77,0.9747,1245.6,1.099
"Thursday, September 25, 2025_12:30_GDP (QoQ)  (Q2)",GDP (QoQ)  (Q2),-1,8,2025-09-25 11:00:00,111348.0,-224.86,-0.2024,-282.09,-0.2541,178.83,0.1603,223.44,0.2002,-681.23,-0.614,-2722.07,-2.5011,-1600.03,-1.4578,-2106.96,-1.9266,-2293.91,-2.1014,-2219.84,-2.0287,-2188.12,-1.9997,-2807.38,-2.5757,-2577.79,-2.3547,-2070.79,-1.888,-2602.24,-2.3738,-2369.33,-2.1622,-2764.97,-2.5288,-2770.99,-2.5363,-2482.2,-2.2698,-2653.93,-2.4277,-2535.64,-2.3142,-2675.54,-2.4419,-3159.17,-2.9011,-2988.41,-2.7383
"Thursday, September 25, 2025_12:30_Initial Jobless Claims",Initial Jobless Claims,-1,4,2025-09-25 11:00:00,111348.0,-224.86,-0.2024,-282.09,-0.2541,178.83,0.1603,223.44,0.2002,-681.23,-0.614,-2722.07,-2.5011,-1600.03,-1.4578,-2106.96,-1.9266,-2293.91,-2.1014,-2219.84,-2.0287,-2188.12,-1.9997,-2807.38,-2.5757,-2577.79,-2.3547,-2070.79,-1.888,-2602.24,-2.3738,-2369.33,-2.1622,-2764.97,-2.5288,-2770.99,-2.5363,-2482.2,-2.2698,-2653.93,-2.4277,-2535.64,-2.3142,-2675.54,-2.4419,-3159.17,-2.9011,-2988.41,-2.7383
"Monday, September 29, 2025_17:15_U.S. President Trump Speaks",U.S. President Trump Speaks,0,4,2025-09-29 16:00:00,113626.15,417.58,0.3662,117.99,0.1035,454.22,0.3975,407.16,0.3564,569.0,0.4984,171.29,0.15,406.58,0.3557,556.34,0.4858,603.08,0.5267,519.91,0.4542,175.45,0.1534,86.56,0.0759,-309.44,-0.2717,-414.41,-0.3639,-638.08,-0.5612,-1066.49,-0.94,-1324.23,-1.1742,-1393.69,-1.2342,-1298.15,-1.1482,-1069.94,-0.9468,-1009.43,-0.8901,-324.59,-0.2857,-1088.97,-0.9628,-1147.21,-1.0167
"Tuesday, September 30, 2025_15:00_U.S. President Trump Speaks",U.S. President Trump Speaks,-1,8,2025-09-30 14:00:00,113595.05,-168.38,-0.1489,-711.06,-0.6301,-17.84,-0.0158,398.13,0.3501,1117.52,0.9772,1553.92,1.3556,955.01,0.8365,773.26,0.6787,981.64,0.8607,1252.43,1.0963,1513.9,1.3216,1281.8,1.1217,1191.15,1.0432,1288.34,1.1273,1922.63,1.6781,1125.86,0.9854,1281.58,1.1189,3314.68,2.8547,3386.98,2.9095,3402.61,2.9262,3531.63,3.0239,3185.73,2.7368,3352.74,2.8703,4173.68,3.5583
"Wednesday, October 1, 2025_14:00_ISM Manufacturing PMI  (Sep)",ISM Manufacturing PMI  (Sep),-1,4,2025-10-01 13:00:00,116806.96,753.16,0.6421,631.21,0.5376,1050.93,0.8941,-60.23,-0.0516,620.9,0.5296,1013.59,0.8631,909.44,0.7738,907.51,0.772,1159.5,0.9848,2017.79,1.7014,1763.13,1.4888,2008.16,1.693,2098.09,1.7668,2041.81,1.7197,1726.34,1.4548,1435.91,1.213,1710.56,1.4417,1537.99,1.298,1203.52,1.0142,1619.24,1.3624,845.24,0.7126,1331.53,1.1211,1877.18,1.5721,2064.11,1.7255
"Friday, October 3, 2025_14:00_ISM Non-Manufacturing PMI  (Sep)",ISM Non-Manufacturing PMI  (Sep),1,7,2025-10-03 13:00:00,120374.73,671.38,0.5552,1852.05,1.5149,2334.02,1.9045,1720.21,1.4092,2251.64,1.8375,2622.96,2.1384,2173.26,1.7748,2012.42,1.6454,2319.72,1.894,2204.4,1.8035,2140.3,1.7529,1769.93,1.4524,1562.37,1.2822,1846.91,1.5108,2407.0,1.965,2095.63,1.7104,1555.0,1.2701,1319.6,1.0788,1421.84,1.1629,1431.44,1.1713,813.81,0.6663,1008.1,0.8265,515.35,0.4224,1083.76,0.8855
"Wednesday, October 8, 2025_18:00_FOMC Meeting Minutes",FOMC Meeting Minutes,0,1,2025-10-08 17:00:00,124033.19,-372.63,-0.3018,-416.43,-0.3373,-1145.54,-0.9324,-706.22,-0.5729,-586.1,-0.4757,-194.96,-0.1581,-857.66,-0.6982,-1009.58,-0.8238,-1931.29,-1.588,-1494.54,-1.2247,-1252.96,-1.0258,-1580.88,-1.2947,-1527.08,-1.2521,-1383.09,-1.1346,-2470.26,-2.0371,-1620.87,-1.3306,-1536.18,-1.2574,-939.95,-0.7658,-102.85,-0.0832,-1351.12,-1.1037,-2118.33,-1.7461,-2285.84,-1.8868,-3623.23,-3.0239,-2370.72,-1.9597
"Thursday, October 9, 2025_12:30_Fed Chair Powell Speaks",Fed Chair Powell Speaks,0,1,2025-10-09 11:00:00,122737.57,781.96,0.6328,-570.52,-0.4661,-1619.66,-1.3351,-1769.56,-1.4607,-3372.46,-2.8146,-2100.68,-1.7365,-2469.86,-2.0471,-2209.32,-1.8266,-2184.93,-1.8041,-1991.31,-1.6395,-1743.67,-1.4329,-1921.14,-1.5791,-2049.06,-1.6831,-2264.79,-1.8621,-2829.25,-2.3371,-2696.03,-2.2276,-2500.99,-2.0629,-2094.65,-1.7228,-2169.58,-1.7875,-2835.15,-2.3444,-2025.9,-1.6656,-2413.25,-1.9892,-1920.21,-1.5805,-1786.11,-1.4694
"Tuesday, October 14, 2025_16:20_Fed Chair Powell Speaks",Fed Chair Powell Speaks,1,9,2025-10-14 15:00:00,112900.43,-364.8,-0.3248,-55.75,-0.0494,-151.25,-0.134,-285.28,-0.2533,-95.61,-0.0846,250.92,0.2218,49.51,0.0437,-228.57,-0.2022,-9.7,-0.0086,-390.56,-0.3464,-191.9,-0.1701,-872.18,-0.7786,-307.26,-0.2735,-580.18,-0.516,-560.76,-0.4986,-217.4,-0.1931,-784.88,-0.6949,-257.66,-0.2289,-1157.46,-1.031,-1060.89,-0.948,-1614.13,-1.4449,-2212.72,-1.9865,-2548.76,-2.2949,-2411.18,-2.1762
"Friday, October 24, 2025_12:30_Core CPI (MoM)  (Sep)",Core CPI (MoM)  (Sep),1,9,2025-10-24 11:00:00,111066.29,225.18,0.2023,157.0,0.1415,-625.56,-0.5676,-857.53,-0.7792,-482.49,-0.4376,-362.62,-0.329,1.34,0.0012,67.29,0.0608,339.78,0.3064,486.81,0.4382,444.75,0.4006,388.37,0.3499,78.11,0.0705,623.38,0.5612,868.85,0.7826,601.22,0.5415,1133.98,1.0195,991.92,0.8905,1007.77,0.9049,1263.73,1.1335,1257.94,1.1255,1013.03,0.9084,1020.05,0.9144,1341.98,1.2029
"Friday, October 24, 2025_12:30_CPI (MoM)  (Sep)",CPI (MoM)  (Sep),1,9,2025-10-24 11:00:00,111066.29,225.18,0.2023,157.0,0.1415,-625.56,-0.5676,-857.53,-0.7792,-482.49,-0.4376,-362.62,-0.329,1.34,0.0012,67.29,0.0608,339.78,0.3064,486.81,0.4382,444.75,0.4006,388.37,0.3499,78.11,0.0705,623.38,0.5612,868.85,0.7826,601.22,0.5415,1133.98,1.0195,991.92,0.8905,1007.77,0.9049,1263.73,1.1335,1257.94,1.1255,1013.03,0.9084,1020.05,0.9144,1341.98,1.2029
"Friday, October 24, 2025_12:30_CPI (YoY)  (Sep)",CPI (YoY)  (Sep),-1,9,2025-10-24 11:00:00,111066.29,225.18,0.2023,157.0,0.1415,-625.56,-0.5676,-857.53,-0.7792,-482.49,-0.4376,-362.62,-0.329,1.34,0.0012,67.29,0.0608,339.78,0.3064,486.81,0.4382,444.75,0.4006,388.37,0.3499,78.11,0.0705,623.38,0.5612,868.85,0.7826,601.22,0.5415,1133.98,1.0195,991.92,0.8905,1007.77,0.9049,1263.73,1.1335,1257.94,1.1255,1013.03,0.9084,1020.05,0.9144,1341.98,1.2029
"Wednesday, October 29, 2025_18:00_Fed Interest Rate Decision",Fed Interest Rate Decision,1,10,2025-10-29 17:00:00,111883.49,-1107.43,-0.9994,-985.32,-0.8906,-226.02,-0.2028,-72.42,-0.0649,-802.75,-0.723,-1569.51,-1.4266,-862.46,-0.7801,-865.41,-0.7835,-535.81,-0.4828,-673.54,-0.6082,-2852.94,-2.6276,-1285.84,-1.1663,-568.6,-0.5133,3.24,0.0029,-627.87,-0.5671,-1377.74,-1.2505,-1277.17,-1.1599,-2083.78,-1.8992,-2967.45,-2.7378,-3893.02,-3.6171,-3076.95,-2.8415,-3693.93,-3.4295,-2914.13,-2.6947,-3827.67,-3.5611
"Monday, November 3, 2025_15:00_ISM Manufacturing PMI  (Oct)",ISM Manufacturing PMI  (Oct),1,5,2025-11-03 14:00:00,108059.99,-2231.84,-2.1106,-1272.29,-1.1926,-230.52,-0.2145,-831.3,-0.7772,-853.53,-0.797,-1449.75,-1.3593,-890.54,-0.8331,-1565.7,-1.4703,-1404.13,-1.3174,-1318.34,-1.2382,-932.22,-0.8709,-1249.4,-1.1733,-508.23,-0.4743,-934.5,-0.8754,-3281.88,-3.1491,-2666.35,-2.545,-2969.62,-2.842,-3187.48,-3.0634,-3399.97,-3.2737,-3482.57,-3.3545,-2638.53,-2.5229,-3270.25,-3.1459,-3279.95,-3.1561,-2515.42,-2.4071
"Wednesday, November 5, 2025_15:00_ISM Non-Manufacturing PMI  (Oct)",ISM Non-Manufacturing PMI  (Oct),-1,6,2025-11-05 14:00:00,103202.3,-397.75,-0.3835,-498.25,-0.4795,1164.06,1.1203,461.96,0.4427,482.94,0.4643,724.2,0.6975,256.99,0.2479,104.32,0.1006,1301.74,1.2531,978.58,0.9439,105.22,0.1018,-833.78,-0.807,-42.78,-0.0413,553.19,0.5318,-365.64,-0.3545,137.65,0.1332,158.73,0.1538,104.42,0.1012,-919.76,-0.8946,140.57,0.1363,-25.72,-0.0249,-1209.03,-1.1789,145.48,0.1408,-2329.75,-2.2813
"Wednesday, November 5, 2025_18:00_U.S. President Trump Speaks",U.S. President Trump Speaks,-1,7,2025-11-05 17:00:00,103904.05,-364.51,-0.3493,-1041.6,-1.0015,363.59,0.3502,-770.93,-0.7436,-303.94,-0.2931,142.32,0.137,-140.19,-0.1352,-514.56,-0.4978,-12.67,-0.0123,107.97,0.1042,-168.41,-0.1619,-1796.61,-1.7419,-1280.62,-1.2395,-1064.52,-1.0317,-1169.46,-1.1332,-749.06,-0.7286,-552.6,-0.5359,-585.79,-0.5675,-1706.53,-1.6641,-199.86,-0.1934,-1474.88,-1.4442,-2299.92,-2.2545,-3025.74,-2.9997,-3370.72,-3.311
"Tuesday, November 18, 2025_08:10_Initial Jobless Claims",Initial Jobless Claims,1,4,2025-11-18 07:00:00,90512.1,95.68,0.1049,140.02,0.1532,504.51,0.5509,272.4,0.2976,162.42,0.1775,203.15,0.2221,-409.31,-0.448,1381.03,1.4864,2762.74,2.9548,2088.78,2.2398,1990.74,2.133,1880.07,2.0173,1941.95,2.093,1072.44,1.1595,2032.64,2.1819,1540.24,1.6569,1099.18,1.1894,1089.55,1.1787,1180.67,1.2755,901.74,0.9815,115.28,0.1265,-794.4,-0.8782,-369.25,-0.4058,598.95,0.652
"Wednesday, November 19, 2025_19:00_FOMC Meeting Minutes",FOMC Meeting Minutes,0,1,2025-11-19 18:00:00,89237.83,-1508.75,-1.6974,-905.42,-1.0115,469.77,0.5185,199.88,0.2209,1354.43,1.4794,1569.07,1.7075,1895.91,2.0476,2087.44,2.2544,2670.03,2.8884,3135.73,3.3731,2727.79,2.9453,1725.84,1.8764,2361.02,2.5574,1606.92,1.7442,1671.75,1.8181,1856.08,2.0218,2067.47,2.2489,1514.58,1.6492,1257.41,1.3738,862.82,0.9471,-467.96,-0.5207,-2909.54,-3.3109,-3487.09,-3.9974,-4915.14,-5.6831
"Thursday, November 20, 2025_13:24_Initial Jobless Claims",Initial Jobless Claims,1,4,2025-11-20 12:00:00,91839.25,-693.05,-0.7572,-1333.77,-1.464,-2037.14,-2.2668,-4398.36,-5.0051,-4697.71,-5.3852,-5402.79,-6.247,-5341.5,-6.1452,-5599.25,-6.4759,-4781.94,-5.4787,-3487.58,-3.9602,-5408.34,-6.2425,-4872.09,-5.5818,-5085.69,-5.8423,-6515.05,-7.6249,-6437.33,-7.5009,-5890.07,-6.8447,-5456.96,-6.3309,-6043.79,-7.062,-7813.69,-9.2965,-8485.35,-10.1447,-9901.82,-12.0449,-9819.48,-11.8731,-9576.99,-11.6353,-9191.7,-11.0364
"Thursday, November 20, 2025_13:25_Initial Jobless Claims",Initial Jobless Claims,1,4,2025-11-20 12:00:00,91839.25,-693.05,-0.7572,-1333.77,-1.464,-2037.14,-2.2668,-4398.36,-5.0051,-4697.71,-5.3852,-5402.79,-6.247,-5341.5,-6.1452,-5599.25,-6.4759,-4781.94,-5.4787,-3487.58,-3.9602,-5408.34,-6.2425,-4872.09,-5.5818,-5085.69,-5.8423,-6515.05,-7.6249,-6437.33,-7.5009,-5890.07,-6.8447,-5456.96,-6.3309,-6043.79,-7.062,-7813.69,-9.2965,-8485.35,-10.1447,-9901.82,-12.0449,-9819.48,-11.8731,-9576.99,-11.6353,-9191.7,-11.0364
"Thursday, November 20, 2025_13:26_Initial Jobless Claims",Initial Jobless Claims,-1,4,2025-11-20 12:00:00,91839.25,-693.05,-0.7572,-1333.77,-1.464,-2037.14,-2.2668,-4398.36,-5.0051,-4697.71,-5.3852,-5402.79,-6.247,-5341.5,-6.1452,-5599.25,-6.4759,-4781.94,-5.4787,-3487.58,-3.9602,-5408.34,-6.2425,-4872.09,-5.5818,-5085.69,-5.8423,-6515.05,-7.6249,-6437.33,-7.5009,-5890.07,-6.8447,-5456.96,-6.3309,-6043.79,-7.062,-7813.69,-9.2965,-8485.35,-10.1447,-9901.82,-12.0449,-9819.48,-11.8731,-9576.99,-11.6353,-9191.7,-11.0364
"Thursday, November 20, 2025_13:27_Initial Jobless Claims",Initial Jobless Claims,-1,4,2025-11-20 12:00:00,91839.25,-693.05,-0.7572,-1333.77,-1.464,-2037.14,-2.2668,-4398.36,-5.0051,-4697.71,-5.3852,-5402.79,-6.247,-5341.5,-6.1452,-5599.25,-6.4759,-4781.94,-5.4787,-3487.58,-3.9602,-5408.34,-6.2425,-4872.09,-5.5818,-5085.69,-5.8423,-6515.05,-7.6249,-6437.33,-7.5009,-5890.07,-6.8447,-5456.96,-6.3309,-6043.79,-7.062,-7813.69,-9.2965,-8485.35,-10.1447,-9901.82,-12.0449,-9819.48,-11.8731,-9576.99,-11.6353,-9191.7,-11.0364
"Thursday, November 20, 2025_13:28_Initial Jobless Claims",Initial Jobless Claims,1,4,2025-11-20 12:00:00,91839.25,-693.05,-0.7572,-1333.77,-1.464,-2037.14,-2.2668,-4398.36,-5.0051,-4697.71,-5.3852,-5402.79,-6.247,-5341.5,-6.1452,-5599.25,-6.4759,-4781.94,-5.4787,-3487.58,-3.9602,-5408.34,-6.2425,-4872.09,-5.5818,-5085.69,-5.8423,-6515.05,-7.6249,-6437.33,-7.5009,-5890.07,-6.8447,-5456.96,-6.3309,-6043.79,-7.062,-7813.69,-9.2965,-8485.35,-10.1447,-9901.82,-12.0449,-9819.48,-11.8731,-9576.99,-11.6353,-9191.7,-11.0364
"Thursday, November 20, 2025_13:29_Initial Jobless Claims",Initial Jobless Claims,-1,3,2025-11-20 12:00:00,91839.25,-693.05,-0.7572,-1333.77,-1.464,-2037.14,-2.2668,-4398.36,-5.0051,-4697.71,-5.3852,-5402.79,-6.247,-5341.5,-6.1452,-5599.25,-6.4759,-4781.94,-5.4787,-3487.58,-3.9602,-5408.34,-6.2425,-4872.09,-5.5818,-5085.69,-5.8423,-6515.05,-7.6249,-6437.33,-7.5009,-5890.07,-6.8447,-5456.96,-6.3309,-6043.79,-7.062,-7813.69,-9.2965,-8485.35,-10.1447,-9901.82,-12.0449,-9819.48,-11.8731,-9576.99,-11.6353,-9191.7,-11.0364
"Thursday, November 20, 2025_13:30_Initial Jobless Claims",Initial Jobless Claims,-1,4,2025-11-20 12:00:00,91839.25,-693.05,-0.7572,-1333.77,-1.464,-2037.14,-2.2668,-4398.36,-5.0051,-4697.71,-5.3852,-5402.79,-6.247,-5341.5,-6.1452,-5599.25,-6.4759,-4781.94,-5.4787,-3487.58,-3.9602,-5408.34,-6.2425,-4872.09,-5.5818,-5085.69,-5.8423,-6515.05,-7.6249,-6437.33,-7.5009,-5890.07,-6.8447,-5456.96,-6.3309,-6043.79,-7.062,-7813.69,-9.2965,-8485.35,-10.1447,-9901.82,-12.0449,-9819.48,-11.8731,-9576.99,-11.6353,-9191.7,-11.0364
"Thursday, November 20, 2025_13:30_Nonfarm Payrolls  (Sep)",Nonfarm Payrolls  (Sep),-1,9,2025-11-20 12:00:00,91839.25,-693.05,-0.7572,-1333.77,-1.464,-2037.14,-2.2668,-4398.36,-5.0051,-4697.71,-5.3852,-5402.79,-6.247,-5341.5,-6.1452,-5599.25,-6.4759,-4781.94,-5.4787,-3487.58,-3.9602,-5408.34,-6.2425,-4872.09,-5.5818,-5085.69,-5.8423,-6515.05,-7.6249,-6437.33,-7.5009,-5890.07,-6.8447,-5456.96,-6.3309,-6043.79,-7.062,-7813.69,-9.2965,-8485.35,-10.1447,-9901.82,-12.0449,-9819.48,-11.8731,-9576.99,-11.6353,-9191.7,-11.0364
"Thursday, November 20, 2025_13:30_Unemployment Rate  (Sep)",Unemployment Rate  (Sep),1,9,2025-11-20 12:00:00,91839.25,-693.05,-0.7572,-1333.77,-1.464,-2037.14,-2.2668,-4398.36,-5.0051,-4697.71,-5.3852,-5402.79,-6.247,-5341.5,-6.1452,-5599.25,-6.4759,-4781.94,-5.4787,-3487.58,-3.9602,-5408.34,-6.2425,-4872.09,-5.5818,-5085.69,-5.8423,-6515.05,-7.6249,-6437.33,-7.5009,-5890.07,-6.8447,-5456.96,-6.3309,-6043.79,-7.062,-7813.69,-9.2965,-8485.35,-10.1447,-9901.82,-12.0449,-9819.48,-11.8731,-9576.99,-11.6353,-9191.7,-11.0364
"Tuesday, November 25, 2025_13:30_Core Retail Sales (MoM)  (Sep)",Core Retail Sales (MoM)  (Sep),1,7,2025-11-25 12:00:00,87509.99,-238.96,-0.2744,-399.4,-0.4604,-388.73,-0.4469,-97.53,-0.1119,357.82,0.4083,248.28,0.2846,-250.55,-0.2884,99.67,0.1141,-405.79,-0.4663,-23.96,-0.0273,28.35,0.0324,-96.65,-0.1104,218.92,0.249,119.48,0.1362,-243.28,-0.2792,-474.82,-0.5443,253.23,0.2893,229.58,0.2615,436.71,0.4966,27.25,0.0312,-773.03,-0.8903,-649.28,-0.7467,61.18,0.0702,-771.82,-0.8908
"Tuesday, November 25, 2025_13:30_Retail Sales (MoM)  (Sep)",Retail Sales (MoM)  (Sep),1,6,2025-11-25 12:00:00,87509.99,-238.96,-0.2744,-399.4,-0.4604,-388.73,-0.4469,-97.53,-0.1119,357.82,0.4083,248.28,0.2846,-250.55,-0.2884,99.67,0.1141,-405.79,-0.4663,-23.96,-0.0273,28.35,0.0324,-96.65,-0.1104,218.92,0.249,119.48,0.1362,-243.28,-0.2792,-474.82,-0.5443,253.23,0.2893,229.58,0.2615,436.71,0.4966,27.25,0.0312,-773.03,-0.8903,-649.28,-0.7467,61.18,0.0702,-771.82,-0.8908
"Wednesday, November 26, 2025_13:30_Initial Jobless Claims",Initial Jobless Claims,-1,4,2025-11-26 12:00:00,86643.08,605.63,0.6951,445.25,0.5124,678.28,0.7798,1456.18,1.6581,3441.88,3.8315,3701.45,4.1061,3767.69,4.1883,3268.57,3.6371,4090.44,4.5351,4130.72,4.5701,4255.5,4.703,4301.07,4.7533,4801.62,5.2681,4882.79,5.3429,4864.39,5.3401,4959.2,5.4331,4998.52,5.4948,5146.6,5.6404,5345.53,5.848,5323.6,5.8186,5142.89,5.6169,5110.31,5.5781,5342.44,5.8469,4879.65,5.363
"Monday, December 1, 2025_15:00_ISM Manufacturing PMI  (Nov)",ISM Manufacturing PMI  (Nov),1,5,2025-12-01 14:00:00,86067.9,-1762.54,-2.0815,-2032.34,-2.4031,-1343.28,-1.5818,-1217.11,-1.4285,-1683.86,-1.9804,-1420.12,-1.6606,-727.9,-0.8421,-450.51,-0.5204,-109.36,-0.1267,-246.9,-0.2854,-330.92,-0.3828,-270.75,-0.3128,670.4,0.7708,200.9,0.231,478.65,0.5501,613.56,0.7045,708.6,0.8144,-36.81,-0.0426,479.19,0.5523,789.96,0.9052,1255.62,1.4371,893.86,1.0243,940.77,1.0723,2690.67,3.014
"Tuesday, December 2, 2025_01:00_Fed Chair Powell Speaks",Fed Chair Powell Speaks,0,1,2025-12-02 00:00:00,86513.33,233.22,0.2698,314.91,0.3638,1684.54,1.9368,916.13,1.0534,1307.57,1.5028,1578.01,1.8119,1511.04,1.7366,662.51,0.7662,1051.49,1.2118,1053.85,1.2075,1573.27,1.8007,691.22,0.7921,2085.07,2.3767,3221.96,3.6091,5296.83,5.8303,5198.2,5.7275,6215.6,6.7961,6567.19,7.1418,6468.0,7.0378,5433.37,5.969,6526.9,7.1284,6338.39,6.8909,6223.85,6.8186,5741.77,6.2642
"Wednesday, December 3, 2025_15:00_ISM Non-Manufacturing PMI  (Nov)",ISM Non-Manufacturing PMI  (Nov),-1,6,2025-12-03 14:00:00,92357.54,-83.78,-0.0907,-0.43,-0.0005,1236.59,1.3303,481.28,0.5196,846.2,0.9096,1399.03,1.5046,1097.79,1.1716,1540.24,1.6424,1624.57,1.7388,1132.95,1.2175,655.32,0.7032,1558.97,1.6595,436.59,0.4667,445.03,0.4767,336.48,0.3619,933.24,1.002,1124.75,1.2043,494.31,0.53,102.56,0.1097,718.49,0.7704,-18.97,-0.0204,-605.66,-0.6513,-158.11,-0.1709,-1578.32,-1.7175
"Wednesday, December 3, 2025_19:30_U.S. President Trump Speaks",U.S. President Trump Speaks,0,6,2025-12-03 18:00:00,92623.86,992.79,1.0672,1011.2,1.0875,2034.28,2.1711,1725.41,1.8398,1243.15,1.3306,1145.87,1.2314,332.84,0.3571,1446.43,1.5397,1158.89,1.2389,1019.96,1.0925,439.57,0.4728,662.24,0.711,287.23,0.3075,498.48,0.5345,921.72,0.9863,1217.12,1.3051,1401.15,1.5074,958.77,1.031,-169.37,-0.1831,-426.44,-0.4641,194.87,0.2096,-1051.87,-1.138,79.59,0.0861,-874.19,-0.9489
"Thursday, December 4, 2025_13:30_Initial Jobless Claims",Initial Jobless Claims,-1,4,2025-12-04 12:00:00,92990.18,127.48,0.1378,-562.81,-0.6125,306.62,0.3298,-41.74,-0.0452,-284.01,-0.3073,-786.02,-0.8532,-972.89,-1.0578,-727.99,-0.7872,-461.28,-0.5005,-993.33,-1.0756,-796.11,-0.8646,-947.0,-1.026,-1006.97,-1.0903,-743.06,-0.8031,-810.34,-0.8794,-1652.55,-1.7957,-97.34,-0.1059,-848.76,-0.9198,-1284.44,-1.3922,-1377.63,-1.4956,-2313.26,-2.5385,-1700.75,-1.8634,-1070.85,-1.1722,-2205.76,-2.4175
"Wednesday, December 10, 2025_19:00_Fed Interest Rate Decision",Fed Interest Rate Decision,1,10,2025-12-10 18:00:00,92503.48,291.79,0.3139,23.34,0.0252,-196.9,-0.2132,-265.72,-0.2872,-1027.28,-1.1164,-1563.01,-1.7103,-2469.26,-2.7232,-2899.13,-3.2186,-2882.46,-3.207,-2387.61,-2.6401,-2648.37,-2.9323,-2523.68,-2.7947,-3114.62,-3.4502,-2635.05,-2.9219,-2816.54,-3.1214,-2485.38,-2.7517,-2212.77,-2.452,-3127.24,-3.4735,-2880.49,-3.1969,-3297.78,-3.6828,-3190.48,-3.55,-3068.73,-3.4197,-2477.35,-2.7531,-1821.83,-2.0084
"Thursday, December 11, 2025_13:30_Initial Jobless Claims",Initial Jobless Claims,1,5,2025-12-11 12:00:00,90032.31,457.48,0.5077,-259.28,-0.2895,63.99,0.0712,-48.4,-0.0539,-119.08,-0.1323,549.52,0.6058,830.49,0.9142,1450.39,1.5801,2709.38,2.9178,2511.66,2.7197,2403.97,2.5985,1804.12,1.9701,2484.27,2.6953,2454.81,2.6513,2271.86,2.4618,2825.11,3.0576,3170.12,3.4292,3147.63,3.4023,2984.95,3.2296,2808.12,3.041,2941.57,3.1794,2586.9,2.7969,2761.52,2.9881,2727.43,2.9511
"Friday, December 12, 2025_01:15_U.S. President Trump Speaks",U.S. President Trump Speaks,-1,7,2025-12-12 00:00:00,91573.88,383.68,0.4163,1128.3,1.2186,461.62,0.5002,831.85,0.9003,576.49,0.6236,718.41,0.7765,979.18,1.0594,695.84,0.7535,707.78,0.765,304.8,0.3295,633.64,0.6856,400.88,0.4338,150.07,0.1626,509.55,0.5512,-1967.89,-2.1881,-2137.36,-2.3736,-1451.74,-1.6116,-1273.72,-1.4094,-1555.05,-1.724,-1673.7,-1.8553,-1505.53,-1.6692,-1167.35,-1.2922,-1407.28,-1.559,-1644.99,-1.8212
